Tanggal;Hari;Pengunjung
2015-01-01;Kamis;27866
2015-01-02;Jumat;29179
2015-01-03;Sabtu;31046
2015-01-04;Minggu;31952
2015-01-05;Senin;28451
2015-01-06;Selasa;25024
2015-01-07;Rabu;24336
2015-01-08;Kamis;25408
2015-01-09;Jumat;25641
2015-01-10;Sabtu;27784
2015-01-11;Minggu;26184
2015-01-12;Senin;22352
2015-01-13;Selasa;20763
2015-01-14;Rabu;21795
2015-01-15;Kamis;24682
2015-01-16;Jumat;25193
2015-01-17;Sabtu;27420
2015-01-18;Minggu;24062
2015-01-19;Senin;21980
2015-01-20;Selasa;18853
2015-01-21;Rabu;19796
2015-01-22;Kamis;21043
2015-01-23;Jumat;20667
2015-01-24;Sabtu;23894
2015-01-25;Minggu;22943
2015-01-26;Senin;19616
2015-01-27;Selasa;16268
2015-01-28;Rabu;19900
2015-01-29;Kamis;20360
2015-01-30;Jumat;21032
2015-01-31;Sabtu;25532
2015-02-01;Minggu;22540
2015-02-02;Senin;21340
2015-02-03;Selasa;22097
2015-02-04;Rabu;21998
2015-02-05;Kamis;24496
2015-02-06;Jumat;24716
2015-02-07;Sabtu;26453
2015-02-08;Minggu;24679
2015-02-09;Senin;22339
2015-02-10;Selasa;24065
2015-02-11;Rabu;24189
2015-02-12;Kamis;27229
2015-02-13;Jumat;27854
2015-02-14;Sabtu;29637
2015-02-15;Minggu;27780
2015-02-16;Senin;26256
2015-02-17;Selasa;24644
2015-02-18;Rabu;24225
2015-02-19;Kamis;25265
2015-02-20;Jumat;25184
2015-02-21;Sabtu;27170
2015-02-22;Minggu;24999
2015-02-23;Senin;22710
2015-02-24;Selasa;21839
2015-02-25;Rabu;23097
2015-02-26;Kamis;23814
2015-02-27;Jumat;23918
2015-02-28;Sabtu;27208
2015-03-01;Minggu;25923
2015-03-02;Senin;23303
2015-03-03;Selasa;22137
2015-03-04;Rabu;23095
2015-03-05;Kamis;25331
2015-03-06;Jumat;28358
2015-03-07;Sabtu;29355
2015-03-08;Minggu;28857
2015-03-09;Senin;24082
2015-03-10;Selasa;21974
2015-03-11;Rabu;23731
2015-03-12;Kamis;27349
2015-03-13;Jumat;27549
2015-03-14;Sabtu;30300
2015-03-15;Minggu;27963
2015-03-16;Senin;22558
2015-03-17;Selasa;21388
2015-03-18;Rabu;23986
2015-03-19;Kamis;28073
2015-03-20;Jumat;28821
2015-03-21;Sabtu;30769
2015-03-22;Minggu;29467
2015-03-23;Senin;26942
2015-03-24;Selasa;24940
2015-03-25;Rabu;25690
2015-03-26;Kamis;29245
2015-03-27;Jumat;30254
2015-03-28;Sabtu;31644
2015-03-29;Minggu;30510
2015-03-30;Senin;26698
2015-03-31;Selasa;25141
2015-04-01;Rabu;27361
2015-04-02;Kamis;29323
2015-04-03;Jumat;28598
2015-04-04;Sabtu;29167
2015-04-05;Minggu;27791
2015-04-06;Senin;26163
2015-04-07;Selasa;22825
2015-04-08;Rabu;22449
2015-04-09;Kamis;22303
2015-04-10;Jumat;23327
2015-04-11;Sabtu;25868
2015-04-12;Minggu;25143
2015-04-13;Senin;22730
2015-04-14;Selasa;19624
2015-04-15;Rabu;22054
2015-04-16;Kamis;23550
2015-04-17;Jumat;23851
2015-04-18;Sabtu;25077
2015-04-19;Minggu;26484
2015-04-20;Senin;22094
2015-04-21;Selasa;20039
2015-04-22;Rabu;21297
2015-04-23;Kamis;23541
2015-04-24;Jumat;22786
2015-04-25;Sabtu;24653
2015-04-26;Minggu;22344
2015-04-27;Senin;20317
2015-04-28;Selasa;20156
2015-04-29;Rabu;21551
2015-04-30;Kamis;24146
2015-05-01;Jumat;25647
2015-05-02;Sabtu;25078
2015-05-03;Minggu;25783
2015-05-04;Senin;23131
2015-05-05;Selasa;22604
2015-05-06;Rabu;21197
2015-05-07;Kamis;23428
2015-05-08;Jumat;23273
2015-05-09;Sabtu;25226
2015-05-10;Minggu;25412
2015-05-11;Senin;23743
2015-05-12;Selasa;23435
2015-05-13;Rabu;23699
2015-05-14;Kamis;26291
2015-05-15;Jumat;26214
2015-05-16;Sabtu;27455
2015-05-17;Minggu;27396
2015-05-18;Senin;25330
2015-05-19;Selasa;24440
2015-05-20;Rabu;25197
2015-05-21;Kamis;29481
2015-05-22;Jumat;29141
2015-05-23;Sabtu;30624
2015-05-24;Minggu;28954
2015-05-25;Senin;26332
2015-05-26;Selasa;24466
2015-05-27;Rabu;25886
2015-05-28;Kamis;27164
2015-05-29;Jumat;26410
2015-05-30;Sabtu;27438
2015-05-31;Minggu;27895
2015-06-01;Senin;26177
2015-06-02;Selasa;25452
2015-06-03;Rabu;26477
2015-06-04;Kamis;29438
2015-06-05;Jumat;29344
2015-06-06;Sabtu;31004
2015-06-07;Minggu;29062
2015-06-08;Senin;27247
2015-06-09;Selasa;27048
2015-06-10;Rabu;29745
2015-06-11;Kamis;30827
2015-06-12;Jumat;31160
2015-06-13;Sabtu;32018
2015-06-14;Minggu;32224
2015-06-15;Senin;30452
2015-06-16;Selasa;28772
2015-06-17;Rabu;29593
2015-06-18;Kamis;31097
2015-06-19;Jumat;30862
2015-06-20;Sabtu;32925
2015-06-21;Minggu;31109
2015-06-22;Senin;29798
2015-06-23;Selasa;29629
2015-06-24;Rabu;29140
2015-06-25;Kamis;29739
2015-06-26;Jumat;30478
2015-06-27;Sabtu;30431
2015-06-28;Minggu;30493
2015-06-29;Senin;28901
2015-06-30;Selasa;30273
2015-07-01;Rabu;31251
2015-07-02;Kamis;31798
2015-07-03;Jumat;29936
2015-07-04;Sabtu;26605
2015-07-05;Minggu;29128
2015-07-06;Senin;29367
2015-07-07;Selasa;29286
2015-07-08;Rabu;28828
2015-07-09;Kamis;29576
2015-07-10;Jumat;29076
2015-07-11;Sabtu;30927
2015-07-12;Minggu;29826
2015-07-13;Senin;30169
2015-07-14;Selasa;29890
2015-07-15;Rabu;29376
2015-07-16;Kamis;30436
2015-07-17;Jumat;29139
2015-07-18;Sabtu;31386
2015-07-19;Minggu;31770
2015-07-20;Senin;30081
2015-07-21;Selasa;29445
2015-07-22;Rabu;29927
2015-07-23;Kamis;30704
2015-07-24;Jumat;30930
2015-07-25;Sabtu;32917
2015-07-26;Minggu;31039
2015-07-27;Senin;30751
2015-07-28;Selasa;29278
2015-07-29;Rabu;29030
2015-07-30;Kamis;29503
2015-07-31;Jumat;30459
2015-08-01;Sabtu;34895
2015-08-02;Minggu;33200
2015-08-03;Senin;30928
2015-08-04;Selasa;30971
2015-08-05;Rabu;29925
2015-08-06;Kamis;30685
2015-08-07;Jumat;29391
2015-08-08;Sabtu;31500
2015-08-09;Minggu;29850
2015-08-10;Senin;28440
2015-08-11;Selasa;28701
2015-08-12;Rabu;30081
2015-08-13;Kamis;30208
2015-08-14;Jumat;28745
2015-08-15;Sabtu;31146
2015-08-16;Minggu;30216
2015-08-17;Senin;29264
2015-08-18;Selasa;26431
2015-08-19;Rabu;24859
2015-08-20;Kamis;26108
2015-08-21;Jumat;25446
2015-08-22;Sabtu;28025
2015-08-23;Minggu;26733
2015-08-24;Senin;24347
2015-08-25;Selasa;21385
2015-08-26;Rabu;21094
2015-08-27;Kamis;22674
2015-08-28;Jumat;21204
2015-08-29;Sabtu;24850
2015-08-30;Minggu;23243
2015-08-31;Senin;19978
2015-09-01;Selasa;22606
2015-09-02;Rabu;22960
2015-09-03;Kamis;26264
2015-09-04;Jumat;26044
2015-09-05;Sabtu;26852
2015-09-06;Minggu;22996
2015-09-07;Senin;23226
2015-09-08;Selasa;22615
2015-09-09;Rabu;21632
2015-09-10;Kamis;23729
2015-09-11;Jumat;21264
2015-09-12;Sabtu;25234
2015-09-13;Minggu;25132
2015-09-14;Senin;23837
2015-09-15;Selasa;22565
2015-09-16;Rabu;23056
2015-09-17;Kamis;24333
2015-09-18;Jumat;25451
2015-09-19;Sabtu;26961
2015-09-20;Minggu;26665
2015-09-21;Senin;24727
2015-09-22;Selasa;22659
2015-09-23;Rabu;22338
2015-09-24;Kamis;25782
2015-09-25;Jumat;24303
2015-09-26;Sabtu;25372
2015-09-27;Minggu;25842
2015-09-28;Senin;23243
2015-09-29;Selasa;20209
2015-09-30;Rabu;23258
2015-10-01;Kamis;26755
2015-10-02;Jumat;25392
2015-10-03;Sabtu;27858
2015-10-04;Minggu;26653
2015-10-05;Senin;25717
2015-10-06;Selasa;23437
2015-10-07;Rabu;25020
2015-10-08;Kamis;27538
2015-10-09;Jumat;27391
2015-10-10;Sabtu;29521
2015-10-11;Minggu;28700
2015-10-12;Senin;27061
2015-10-13;Selasa;24385
2015-10-14;Rabu;24930
2015-10-15;Kamis;26285
2015-10-16;Jumat;25987
2015-10-17;Sabtu;28770
2015-10-18;Minggu;26981
2015-10-19;Senin;25347
2015-10-20;Selasa;22676
2015-10-21;Rabu;23572
2015-10-22;Kamis;24864
2015-10-23;Jumat;23617
2015-10-24;Sabtu;26394
2015-10-25;Minggu;25322
2015-10-26;Senin;22729
2015-10-27;Selasa;21502
2015-10-28;Rabu;21299
2015-10-29;Kamis;24016
2015-10-30;Jumat;22932
2015-10-31;Sabtu;24078
2015-11-01;Minggu;27151
2015-11-02;Senin;25223
2015-11-03;Selasa;22981
2015-11-04;Rabu;22226
2015-11-05;Kamis;25909
2015-11-06;Jumat;26282
2015-11-07;Sabtu;28024
2015-11-08;Minggu;26384
2015-11-09;Senin;23613
2015-11-10;Selasa;22229
2015-11-11;Rabu;22601
2015-11-12;Kamis;23693
2015-11-13;Jumat;22084
2015-11-14;Sabtu;25403
2015-11-15;Minggu;25019
2015-11-16;Senin;22094
2015-11-17;Selasa;21694
2015-11-18;Rabu;24278
2015-11-19;Kamis;27744
2015-11-20;Jumat;28097
2015-11-21;Sabtu;28458
2015-11-22;Minggu;28444
2015-11-23;Senin;24816
2015-11-24;Selasa;24129
2015-11-25;Rabu;23837
2015-11-26;Kamis;23938
2015-11-27;Jumat;21507
2015-11-28;Sabtu;22800
2015-11-29;Minggu;26448
2015-11-30;Senin;24813
2015-12-01;Selasa;23944
2015-12-02;Rabu;23423
2015-12-03;Kamis;24297
2015-12-04;Jumat;23321
2015-12-05;Sabtu;25995
2015-12-06;Minggu;24009
2015-12-07;Senin;21406
2015-12-08;Selasa;20068
2015-12-09;Rabu;20680
2015-12-10;Kamis;24292
2015-12-11;Jumat;26610
2015-12-12;Sabtu;26837
2015-12-13;Minggu;25515
2015-12-14;Senin;25728
2015-12-15;Selasa;25183
2015-12-16;Rabu;26134
2015-12-17;Kamis;31997
2015-12-18;Jumat;30733
2015-12-19;Sabtu;35725
2015-12-20;Minggu;34146
2015-12-21;Senin;32939
2015-12-22;Selasa;32346
2015-12-23;Rabu;32740
2015-12-24;Kamis;30605
2015-12-25;Jumat;31130
2015-12-26;Sabtu;33760
2015-12-27;Minggu;33035
2015-12-28;Senin;31277
2015-12-29;Selasa;31509
2015-12-30;Rabu;29582
2015-12-31;Kamis;27652
2016-01-01;Jumat;27666
2016-01-02;Sabtu;32325
2016-01-03;Minggu;33844
2016-01-04;Senin;32852
2016-01-05;Selasa;26036
2016-01-06;Rabu;25267
2016-01-07;Kamis;27157
2016-01-08;Jumat;26480
2016-01-09;Sabtu;28810
2016-01-10;Minggu;26962
2016-01-11;Senin;23613
2016-01-12;Selasa;22922
2016-01-13;Rabu;24192
2016-01-14;Kamis;26237
2016-01-15;Jumat;26120
2016-01-16;Sabtu;28497
2016-01-17;Minggu;24578
2016-01-18;Senin;23775
2016-01-19;Selasa;20540
2016-01-20;Rabu;22500
2016-01-21;Kamis;22817
2016-01-22;Jumat;22703
2016-01-23;Sabtu;24725
2016-01-24;Minggu;23868
2016-01-25;Senin;21385
2016-01-26;Selasa;20562
2016-01-27;Rabu;22140
2016-01-28;Kamis;24432
2016-01-29;Jumat;22924
2016-01-30;Sabtu;24133
2016-01-31;Minggu;22775
2016-02-01;Senin;23501
2016-02-02;Selasa;21145
2016-02-03;Rabu;23150
2016-02-04;Kamis;24228
2016-02-05;Jumat;24548
2016-02-06;Sabtu;27655
2016-02-07;Minggu;23351
2016-02-08;Senin;23471
2016-02-09;Selasa;24696
2016-02-10;Rabu;25355
2016-02-11;Kamis;27962
2016-02-12;Jumat;29047
2016-02-13;Sabtu;30922
2016-02-14;Minggu;28147
2016-02-15;Senin;26583
2016-02-16;Selasa;24479
2016-02-17;Rabu;25461
2016-02-18;Kamis;26075
2016-02-19;Jumat;25149
2016-02-20;Sabtu;28746
2016-02-21;Minggu;25482
2016-02-22;Senin;23717
2016-02-23;Selasa;21791
2016-02-24;Rabu;22878
2016-02-25;Kamis;24506
2016-02-26;Jumat;23855
2016-02-27;Sabtu;26142
2016-02-28;Minggu;24492
2016-02-29;Senin;22489
2016-03-01;Selasa;22878
2016-03-02;Rabu;23937
2016-03-03;Kamis;25226
2016-03-04;Jumat;24824
2016-03-05;Sabtu;27975
2016-03-06;Minggu;25741
2016-03-07;Senin;23043
2016-03-08;Selasa;20715
2016-03-09;Rabu;23334
2016-03-10;Kamis;25486
2016-03-11;Jumat;26958
2016-03-12;Sabtu;29904
2016-03-13;Minggu;27741
2016-03-14;Senin;24088
2016-03-15;Selasa;23316
2016-03-16;Rabu;26213
2016-03-17;Kamis;29454
2016-03-18;Jumat;28956
2016-03-19;Sabtu;32483
2016-03-20;Minggu;29613
2016-03-21;Senin;27739
2016-03-22;Selasa;26302
2016-03-23;Rabu;26599
2016-03-24;Kamis;30512
2016-03-25;Jumat;29877
2016-03-26;Sabtu;32294
2016-03-27;Minggu;31388
2016-03-28;Senin;28002
2016-03-29;Selasa;26774
2016-03-30;Rabu;26232
2016-03-31;Kamis;27491
2016-04-01;Jumat;28671
2016-04-02;Sabtu;30779
2016-04-03;Minggu;27696
2016-04-04;Senin;27045
2016-04-05;Selasa;21556
2016-04-06;Rabu;22019
2016-04-07;Kamis;24883
2016-04-08;Jumat;25732
2016-04-09;Sabtu;28999
2016-04-10;Minggu;26873
2016-04-11;Senin;23816
2016-04-12;Selasa;21163
2016-04-13;Rabu;21643
2016-04-14;Kamis;24351
2016-04-15;Jumat;24342
2016-04-16;Sabtu;27141
2016-04-17;Minggu;26307
2016-04-18;Senin;23702
2016-04-19;Selasa;21149
2016-04-20;Rabu;22298
2016-04-21;Kamis;24208
2016-04-22;Jumat;24874
2016-04-23;Sabtu;25006
2016-04-24;Minggu;24145
2016-04-25;Senin;22541
2016-04-26;Selasa;21217
2016-04-27;Rabu;21773
2016-04-28;Kamis;24749
2016-04-29;Jumat;23609
2016-04-30;Sabtu;27160
2016-05-01;Minggu;26373
2016-05-02;Senin;23636
2016-05-03;Selasa;22202
2016-05-04;Rabu;21364
2016-05-05;Kamis;24445
2016-05-06;Jumat;23235
2016-05-07;Sabtu;26156
2016-05-08;Minggu;25352
2016-05-09;Senin;24984
2016-05-10;Selasa;23356
2016-05-11;Rabu;23488
2016-05-12;Kamis;26586
2016-05-13;Jumat;26034
2016-05-14;Sabtu;29287
2016-05-15;Minggu;27982
2016-05-16;Senin;26069
2016-05-17;Selasa;25692
2016-05-18;Rabu;25229
2016-05-19;Kamis;28540
2016-05-20;Jumat;27670
2016-05-21;Sabtu;30918
2016-05-22;Minggu;29254
2016-05-23;Senin;25861
2016-05-24;Selasa;26418
2016-05-25;Rabu;25900
2016-05-26;Kamis;29595
2016-05-27;Jumat;28260
2016-05-28;Sabtu;30350
2016-05-29;Minggu;28279
2016-05-30;Senin;26735
2016-05-31;Selasa;26958
2016-06-01;Rabu;27315
2016-06-02;Kamis;30155
2016-06-03;Jumat;28971
2016-06-04;Sabtu;31616
2016-06-05;Minggu;29845
2016-06-06;Senin;29025
2016-06-07;Selasa;27912
2016-06-08;Rabu;27171
2016-06-09;Kamis;32001
2016-06-10;Jumat;31156
2016-06-11;Sabtu;32981
2016-06-12;Minggu;32551
2016-06-13;Senin;30551
2016-06-14;Selasa;29575
2016-06-15;Rabu;29545
2016-06-16;Kamis;31385
2016-06-17;Jumat;31259
2016-06-18;Sabtu;33383
2016-06-19;Minggu;32862
2016-06-20;Senin;31879
2016-06-21;Selasa;30246
2016-06-22;Rabu;29620
2016-06-23;Kamis;31946
2016-06-24;Jumat;31165
2016-06-25;Sabtu;33902
2016-06-26;Minggu;32174
2016-06-27;Senin;30300
2016-06-28;Selasa;29297
2016-06-29;Rabu;29900
2016-06-30;Kamis;33356
2016-07-01;Jumat;33032
2016-07-02;Sabtu;34309
2016-07-03;Minggu;32452
2016-07-04;Senin;27197
2016-07-05;Selasa;29463
2016-07-06;Rabu;30013
2016-07-07;Kamis;31465
2016-07-08;Jumat;30086
2016-07-09;Sabtu;32632
2016-07-10;Minggu;31487
2016-07-11;Senin;30884
2016-07-12;Selasa;29429
2016-07-13;Rabu;29501
2016-07-14;Kamis;30608
2016-07-15;Jumat;30278
2016-07-16;Sabtu;33146
2016-07-17;Minggu;31516
2016-07-18;Senin;30941
2016-07-19;Selasa;28434
2016-07-20;Rabu;29136
2016-07-21;Kamis;30734
2016-07-22;Jumat;30517
2016-07-23;Sabtu;33425
2016-07-24;Minggu;32048
2016-07-25;Senin;31964
2016-07-26;Selasa;28563
2016-07-27;Rabu;29838
2016-07-28;Kamis;31794
2016-07-29;Jumat;30518
2016-07-30;Sabtu;34429
2016-07-31;Minggu;33570
2016-08-01;Senin;32837
2016-08-02;Selasa;31551
2016-08-03;Rabu;31080
2016-08-04;Kamis;31434
2016-08-05;Jumat;30581
2016-08-06;Sabtu;34149
2016-08-07;Minggu;31532
2016-08-08;Senin;28652
2016-08-09;Selasa;29302
2016-08-10;Rabu;29373
2016-08-11;Kamis;29309
2016-08-12;Jumat;29340
2016-08-13;Sabtu;31674
2016-08-14;Minggu;31214
2016-08-15;Senin;29622
2016-08-16;Selasa;28503
2016-08-17;Rabu;27929
2016-08-18;Kamis;29426
2016-08-19;Jumat;27350
2016-08-20;Sabtu;30657
2016-08-21;Minggu;29546
2016-08-22;Senin;27595
2016-08-23;Selasa;26103
2016-08-24;Rabu;24093
2016-08-25;Kamis;25486
2016-08-26;Jumat;24401
2016-08-27;Sabtu;27742
2016-08-28;Minggu;25239
2016-08-29;Senin;22613
2016-08-30;Selasa;20820
2016-08-31;Rabu;24106
2016-09-01;Kamis;28671
2016-09-02;Jumat;26987
2016-09-03;Sabtu;26913
2016-09-04;Minggu;25347
2016-09-05;Senin;24651
2016-09-06;Selasa;23409
2016-09-07;Rabu;23164
2016-09-08;Kamis;25700
2016-09-09;Jumat;24262
2016-09-10;Sabtu;28951
2016-09-11;Minggu;26400
2016-09-12;Senin;24350
2016-09-13;Selasa;22839
2016-09-14;Rabu;24614
2016-09-15;Kamis;26456
2016-09-16;Jumat;27149
2016-09-17;Sabtu;28739
2016-09-18;Minggu;27219
2016-09-19;Senin;23690
2016-09-20;Selasa;21568
2016-09-21;Rabu;23219
2016-09-22;Kamis;26583
2016-09-23;Jumat;23793
2016-09-24;Sabtu;28147
2016-09-25;Minggu;26484
2016-09-26;Senin;23960
2016-09-27;Selasa;22796
2016-09-28;Rabu;22950
2016-09-29;Kamis;26217
2016-09-30;Jumat;26241
2016-10-01;Sabtu;30268
2016-10-02;Minggu;28236
2016-10-03;Senin;25561
2016-10-04;Selasa;24048
2016-10-05;Rabu;25019
2016-10-06;Kamis;27751
2016-10-07;Jumat;27306
2016-10-08;Sabtu;28571
2016-10-09;Minggu;28283
2016-10-10;Senin;26222
2016-10-11;Selasa;23958
2016-10-12;Rabu;25550
2016-10-13;Kamis;28020
2016-10-14;Jumat;26767
2016-10-15;Sabtu;31786
2016-10-16;Minggu;29717
2016-10-17;Senin;26946
2016-10-18;Selasa;25200
2016-10-19;Rabu;25453
2016-10-20;Kamis;27811
2016-10-21;Jumat;26351
2016-10-22;Sabtu;29259
2016-10-23;Minggu;26497
2016-10-24;Senin;24312
2016-10-25;Selasa;22247
2016-10-26;Rabu;23587
2016-10-27;Kamis;25258
2016-10-28;Jumat;24139
2016-10-29;Sabtu;25793
2016-10-30;Minggu;24064
2016-10-31;Senin;21695
2016-11-01;Selasa;23673
2016-11-02;Rabu;24911
2016-11-03;Kamis;26861
2016-11-04;Jumat;25876
2016-11-05;Sabtu;27773
2016-11-06;Minggu;26813
2016-11-07;Senin;25064
2016-11-08;Selasa;23102
2016-11-09;Rabu;24910
2016-11-10;Kamis;26906
2016-11-11;Jumat;26282
2016-11-12;Sabtu;26279
2016-11-13;Minggu;25789
2016-11-14;Senin;23741
2016-11-15;Selasa;23712
2016-11-16;Rabu;25946
2016-11-17;Kamis;28222
2016-11-18;Jumat;28376
2016-11-19;Sabtu;30718
2016-11-20;Minggu;28202
2016-11-21;Senin;25432
2016-11-22;Selasa;25224
2016-11-23;Rabu;25858
2016-11-24;Kamis;25543
2016-11-25;Jumat;23514
2016-11-26;Sabtu;25107
2016-11-27;Minggu;27155
2016-11-28;Senin;24573
2016-11-29;Selasa;22534
2016-11-30;Rabu;23370
2016-12-01;Kamis;25690
2016-12-02;Jumat;24666
2016-12-03;Sabtu;28159
2016-12-04;Minggu;25489
2016-12-05;Senin;23652
2016-12-06;Selasa;19907
2016-12-07;Rabu;21208
2016-12-08;Kamis;24837
2016-12-09;Jumat;24122
2016-12-10;Sabtu;27793
2016-12-11;Minggu;24253
2016-12-12;Senin;22957
2016-12-13;Selasa;22547
2016-12-14;Rabu;24752
2016-12-15;Kamis;28515
2016-12-16;Jumat;30870
2016-12-17;Sabtu;33050
2016-12-18;Minggu;32931
2016-12-19;Senin;31940
2016-12-20;Selasa;32497
2016-12-21;Rabu;32510
2016-12-22;Kamis;33108
2016-12-23;Jumat;34666
2016-12-24;Sabtu;32394
2016-12-25;Minggu;31328
2016-12-26;Senin;33770
2016-12-27;Selasa;32733
2016-12-28;Rabu;34204
2016-12-29;Kamis;33926
2016-12-30;Jumat;32180
2016-12-31;Sabtu;28648
2017-01-01;Minggu;32054
2017-01-02;Senin;32195
2017-01-03;Selasa;30311
2017-01-04;Rabu;29768
2017-01-05;Kamis;29633
2017-01-06;Jumat;29972
2017-01-07;Sabtu;31493
2017-01-08;Minggu;27551
2017-01-09;Senin;26464
2017-01-10;Selasa;23970
2017-01-11;Rabu;26261
2017-01-12;Kamis;26567
2017-01-13;Jumat;28518
2017-01-14;Sabtu;29535
2017-01-15;Minggu;26444
2017-01-16;Senin;23783
2017-01-17;Selasa;22038
2017-01-18;Rabu;23938
2017-01-19;Kamis;25259
2017-01-20;Jumat;26412
2017-01-21;Sabtu;29059
2017-01-22;Minggu;24526
2017-01-23;Senin;21804
2017-01-24;Selasa;20820
2017-01-25;Rabu;23613
2017-01-26;Kamis;24376
2017-01-27;Jumat;23685
2017-01-28;Sabtu;26888
2017-01-29;Minggu;22927
2017-01-30;Senin;21061
2017-01-31;Selasa;21551
2017-02-01;Rabu;25463
2017-02-02;Kamis;25928
2017-02-03;Jumat;25945
2017-02-04;Sabtu;27272
2017-02-05;Minggu;23475
2017-02-06;Senin;22609
2017-02-07;Selasa;21829
2017-02-08;Rabu;25582
2017-02-09;Kamis;25316
2017-02-10;Jumat;27877
2017-02-11;Sabtu;29314
2017-02-12;Minggu;27713
2017-02-13;Senin;24529
2017-02-14;Selasa;23039
2017-02-15;Rabu;27623
2017-02-16;Kamis;28594
2017-02-17;Jumat;26804
2017-02-18;Sabtu;31791
2017-02-19;Minggu;29678
2017-02-20;Senin;25299
2017-02-21;Selasa;24979
2017-02-22;Rabu;26440
2017-02-23;Kamis;26527
2017-02-24;Jumat;26487
2017-02-25;Sabtu;28030
2017-02-26;Minggu;26545
2017-02-27;Senin;22187
2017-02-28;Selasa;22021
2017-03-01;Rabu;26703
2017-03-02;Kamis;27346
2017-03-03;Jumat;27006
2017-03-04;Sabtu;28515
2017-03-05;Minggu;26730
2017-03-06;Senin;23434
2017-03-07;Selasa;22413
2017-03-08;Rabu;26584
2017-03-09;Kamis;28682
2017-03-10;Jumat;30046
2017-03-11;Sabtu;32140
2017-03-12;Minggu;30482
2017-03-13;Senin;25513
2017-03-14;Selasa;23153
2017-03-15;Rabu;26691
2017-03-16;Kamis;27415
2017-03-17;Jumat;28974
2017-03-18;Sabtu;30205
2017-03-19;Minggu;29298
2017-03-20;Senin;26233
2017-03-21;Selasa;25420
2017-03-22;Rabu;27834
2017-03-23;Kamis;30258
2017-03-24;Jumat;31619
2017-03-25;Sabtu;34328
2017-03-26;Minggu;31060
2017-03-27;Senin;28624
2017-03-28;Selasa;26693
2017-03-29;Rabu;27131
2017-03-30;Kamis;28779
2017-03-31;Jumat;29386
2017-04-01;Sabtu;32472
2017-04-02;Minggu;30396
2017-04-03;Senin;25943
2017-04-04;Selasa;24057
2017-04-05;Rabu;24482
2017-04-06;Kamis;26281
2017-04-07;Jumat;28335
2017-04-08;Sabtu;31513
2017-04-09;Minggu;29801
2017-04-10;Senin;26108
2017-04-11;Selasa;24126
2017-04-12;Rabu;25264
2017-04-13;Kamis;26018
2017-04-14;Jumat;26929
2017-04-15;Sabtu;27084
2017-04-16;Minggu;26180
2017-04-17;Senin;24153
2017-04-18;Selasa;24148
2017-04-19;Rabu;25822
2017-04-20;Kamis;27041
2017-04-21;Jumat;26564
2017-04-22;Sabtu;27987
2017-04-23;Minggu;26154
2017-04-24;Senin;23124
2017-04-25;Selasa;22645
2017-04-26;Rabu;24580
2017-04-27;Kamis;26946
2017-04-28;Jumat;26781
2017-04-29;Sabtu;28875
2017-04-30;Minggu;27226
2017-05-01;Senin;25379
2017-05-02;Selasa;25758
2017-05-03;Rabu;24898
2017-05-04;Kamis;26298
2017-05-05;Jumat;25599
2017-05-06;Sabtu;26944
2017-05-07;Minggu;26539
2017-05-08;Senin;24301
2017-05-09;Selasa;24156
2017-05-10;Rabu;25318
2017-05-11;Kamis;27273
2017-05-12;Jumat;27369
2017-05-13;Sabtu;28983
2017-05-14;Minggu;28354
2017-05-15;Senin;27148
2017-05-16;Selasa;25629
2017-05-17;Rabu;26415
2017-05-18;Kamis;27161
2017-05-19;Jumat;28197
2017-05-20;Sabtu;30727
2017-05-21;Minggu;28842
2017-05-22;Senin;27561
2017-05-23;Selasa;26291
2017-05-24;Rabu;28409
2017-05-25;Kamis;29089
2017-05-26;Jumat;28768
2017-05-27;Sabtu;31389
2017-05-28;Minggu;29153
2017-05-29;Senin;27199
2017-05-30;Selasa;25872
2017-05-31;Rabu;28581
2017-06-01;Kamis;29867
2017-06-02;Jumat;29156
2017-06-03;Sabtu;31607
2017-06-04;Minggu;31949
2017-06-05;Senin;29228
2017-06-06;Selasa;27885
2017-06-07;Rabu;28903
2017-06-08;Kamis;31206
2017-06-09;Jumat;31161
2017-06-10;Sabtu;32461
2017-06-11;Minggu;33243
2017-06-12;Senin;31353
2017-06-13;Selasa;30363
2017-06-14;Rabu;30773
2017-06-15;Kamis;31937
2017-06-16;Jumat;33028
2017-06-17;Sabtu;34175
2017-06-18;Minggu;33971
2017-06-19;Senin;31330
2017-06-20;Selasa;31534
2017-06-21;Rabu;31603
2017-06-22;Kamis;32284
2017-06-23;Jumat;33237
2017-06-24;Sabtu;34529
2017-06-25;Minggu;32686
2017-06-26;Senin;31242
2017-06-27;Selasa;30738
2017-06-28;Rabu;32779
2017-06-29;Kamis;33046
2017-06-30;Jumat;34318
2017-07-01;Sabtu;36075
2017-07-02;Minggu;33516
2017-07-03;Senin;31490
2017-07-04;Selasa;30329
2017-07-05;Rabu;31804
2017-07-06;Kamis;31955
2017-07-07;Jumat;32126
2017-07-08;Sabtu;33143
2017-07-09;Minggu;32600
2017-07-10;Senin;31705
2017-07-11;Selasa;30243
2017-07-12;Rabu;31666
2017-07-13;Kamis;31074
2017-07-14;Jumat;32905
2017-07-15;Sabtu;33972
2017-07-16;Minggu;32319
2017-07-17;Senin;30405
2017-07-18;Selasa;29475
2017-07-19;Rabu;31605
2017-07-20;Kamis;33231
2017-07-21;Jumat;32879
2017-07-22;Sabtu;35092
2017-07-23;Minggu;33074
2017-07-24;Senin;32617
2017-07-25;Selasa;31680
2017-07-26;Rabu;32013
2017-07-27;Kamis;32454
2017-07-28;Jumat;32377
2017-07-29;Sabtu;34754
2017-07-30;Minggu;34067
2017-07-31;Senin;32597
2017-08-01;Selasa;32554
2017-08-02;Rabu;33571
2017-08-03;Kamis;33135
2017-08-04;Jumat;33030
2017-08-05;Sabtu;34641
2017-08-06;Minggu;33667
2017-08-07;Senin;31401
2017-08-08;Selasa;30963
2017-08-09;Rabu;31850
2017-08-10;Kamis;31988
2017-08-11;Jumat;30503
2017-08-12;Sabtu;33286
2017-08-13;Minggu;31770
2017-08-14;Senin;30187
2017-08-15;Selasa;29254
2017-08-16;Rabu;30968
2017-08-17;Kamis;30384
2017-08-18;Jumat;29784
2017-08-19;Sabtu;32359
2017-08-20;Minggu;30455
2017-08-21;Senin;29545
2017-08-22;Selasa;26021
2017-08-23;Rabu;26657
2017-08-24;Kamis;27939
2017-08-25;Jumat;27303
2017-08-26;Sabtu;29670
2017-08-27;Minggu;27608
2017-08-28;Senin;24337
2017-08-29;Selasa;20962
2017-08-30;Rabu;26116
2017-08-31;Kamis;28802
2017-09-01;Jumat;30490
2017-09-02;Sabtu;31474
2017-09-03;Minggu;25842
2017-09-04;Senin;26026
2017-09-05;Selasa;23772
2017-09-06;Rabu;25040
2017-09-07;Kamis;25182
2017-09-08;Jumat;25484
2017-09-09;Sabtu;28353
2017-09-10;Minggu;27560
2017-09-11;Senin;25936
2017-09-12;Selasa;22627
2017-09-13;Rabu;26093
2017-09-14;Kamis;26588
2017-09-15;Jumat;26707
2017-09-16;Sabtu;29580
2017-09-17;Minggu;27699
2017-09-18;Senin;26634
2017-09-19;Selasa;23270
2017-09-20;Rabu;25635
2017-09-21;Kamis;26339
2017-09-22;Jumat;25672
2017-09-23;Sabtu;29325
2017-09-24;Minggu;27782
2017-09-25;Senin;25656
2017-09-26;Selasa;22522
2017-09-27;Rabu;24743
2017-09-28;Kamis;27158
2017-09-29;Jumat;27143
2017-09-30;Sabtu;31299
2017-10-01;Minggu;29471
2017-10-02;Senin;27384
2017-10-03;Selasa;24614
2017-10-04;Rabu;26343
2017-10-05;Kamis;28343
2017-10-06;Jumat;28847
2017-10-07;Sabtu;31119
2017-10-08;Minggu;29221
2017-10-09;Senin;27456
2017-10-10;Selasa;25497
2017-10-11;Rabu;25758
2017-10-12;Kamis;29389
2017-10-13;Jumat;28593
2017-10-14;Sabtu;32376
2017-10-15;Minggu;30067
2017-10-16;Senin;28554
2017-10-17;Selasa;25292
2017-10-18;Rabu;27131
2017-10-19;Kamis;27644
2017-10-20;Jumat;28511
2017-10-21;Sabtu;31694
2017-10-22;Minggu;28055
2017-10-23;Senin;27261
2017-10-24;Selasa;23105
2017-10-25;Rabu;25405
2017-10-26;Kamis;27115
2017-10-27;Jumat;26217
2017-10-28;Sabtu;28355
2017-10-29;Minggu;25611
2017-10-30;Senin;23745
2017-10-31;Selasa;21751
2017-11-01;Rabu;25487
2017-11-02;Kamis;28475
2017-11-03;Jumat;26807
2017-11-04;Sabtu;30960
2017-11-05;Minggu;29207
2017-11-06;Senin;26755
2017-11-07;Selasa;23527
2017-11-08;Rabu;26060
2017-11-09;Kamis;28485
2017-11-10;Jumat;28299
2017-11-11;Sabtu;28846
2017-11-12;Minggu;28435
2017-11-13;Senin;24975
2017-11-14;Selasa;23657
2017-11-15;Rabu;26379
2017-11-16;Kamis;28198
2017-11-17;Jumat;28839
2017-11-18;Sabtu;31131
2017-11-19;Minggu;30227
2017-11-20;Senin;28651
2017-11-21;Selasa;25639
2017-11-22;Rabu;28649
2017-11-23;Kamis;27778
2017-11-24;Jumat;26513
2017-11-25;Sabtu;26984
2017-11-26;Minggu;27485
2017-11-27;Senin;26412
2017-11-28;Selasa;23365
2017-11-29;Rabu;21411
2017-11-30;Kamis;27221
2017-12-01;Jumat;27539
2017-12-02;Sabtu;27739
2017-12-03;Minggu;25686
2017-12-04;Senin;24981
2017-12-05;Selasa;21571
2017-12-06;Rabu;24029
2017-12-07;Kamis;25647
2017-12-08;Jumat;28004
2017-12-09;Sabtu;27816
2017-12-10;Minggu;26255
2017-12-11;Senin;24882
2017-12-12;Selasa;23913
2017-12-13;Rabu;25502
2017-12-14;Kamis;27549
2017-12-15;Jumat;31334
2017-12-16;Sabtu;32347
2017-12-17;Minggu;32126
2017-12-18;Senin;29890
2017-12-19;Selasa;29092
2017-12-20;Rabu;33461
2017-12-21;Kamis;37094
2017-12-22;Jumat;38333
2017-12-23;Sabtu;38809
2017-12-24;Minggu;36681
2017-12-25;Senin;36634
2017-12-26;Selasa;35955
2017-12-27;Rabu;35966
2017-12-28;Kamis;37157
2017-12-29;Jumat;36289
2017-12-30;Sabtu;36333
2017-12-31;Minggu;32708
2018-01-01;Senin;33927
2018-01-02;Selasa;35308
2018-01-03;Rabu;33273
2018-01-04;Kamis;32909
2018-01-05;Jumat;34235
2018-01-06;Sabtu;34193
2018-01-07;Minggu;33967
2018-01-08;Senin;28415
2018-01-09;Selasa;25259
2018-01-10;Rabu;27400
2018-01-11;Kamis;28672
2018-01-12;Jumat;28898
2018-01-13;Sabtu;29981
2018-01-14;Minggu;27757
2018-01-15;Senin;25679
2018-01-16;Selasa;22414
2018-01-17;Rabu;24992
2018-01-18;Kamis;26170
2018-01-19;Jumat;27057
2018-01-20;Sabtu;28359
2018-01-21;Minggu;25619
2018-01-22;Senin;22323
2018-01-23;Selasa;21947
2018-01-24;Rabu;24216
2018-01-25;Kamis;26535
2018-01-26;Jumat;26503
2018-01-27;Sabtu;26770
2018-01-28;Minggu;23040
2018-01-29;Senin;21426
2018-01-30;Selasa;20576
2018-01-31;Rabu;24822
2018-02-01;Kamis;28904
2018-02-02;Jumat;29094
2018-02-03;Sabtu;30614
2018-02-04;Minggu;26773
2018-02-05;Senin;25827
2018-02-06;Selasa;24015
2018-02-07;Rabu;25798
2018-02-08;Kamis;29212
2018-02-09;Jumat;29949
2018-02-10;Sabtu;31905
2018-02-11;Minggu;29515
2018-02-12;Senin;27343
2018-02-13;Selasa;26922
2018-02-14;Rabu;29335
2018-02-15;Kamis;30919
2018-02-16;Jumat;33163
2018-02-17;Sabtu;33675
2018-02-18;Minggu;32814
2018-02-19;Senin;30492
2018-02-20;Selasa;27811
2018-02-21;Rabu;28315
2018-02-22;Kamis;28759
2018-02-23;Jumat;29020
2018-02-24;Sabtu;30514
2018-02-25;Minggu;27504
2018-02-26;Senin;25042
2018-02-27;Selasa;22649
2018-02-28;Rabu;26581
2018-03-01;Kamis;29215
2018-03-02;Jumat;30901
2018-03-03;Sabtu;29554
2018-03-04;Minggu;28213
2018-03-05;Senin;27418
2018-03-06;Selasa;24412
2018-03-07;Rabu;27963
2018-03-08;Kamis;29365
2018-03-09;Jumat;33065
2018-03-10;Sabtu;33580
2018-03-11;Minggu;31145
2018-03-12;Senin;27452
2018-03-13;Selasa;25078
2018-03-14;Rabu;27001
2018-03-15;Kamis;29220
2018-03-16;Jumat;30553
2018-03-17;Sabtu;31413
2018-03-18;Minggu;29908
2018-03-19;Senin;27432
2018-03-20;Selasa;28034
2018-03-21;Rabu;29574
2018-03-22;Kamis;32718
2018-03-23;Jumat;36429
2018-03-24;Sabtu;36647
2018-03-25;Minggu;35542
2018-03-26;Senin;33133
2018-03-27;Selasa;31171
2018-03-28;Rabu;31229
2018-03-29;Kamis;33937
2018-03-30;Jumat;35314
2018-03-31;Sabtu;35141
2018-04-01;Minggu;35077
2018-04-02;Senin;32147
2018-04-03;Selasa;28191
2018-04-04;Rabu;27642
2018-04-05;Kamis;28147
2018-04-06;Jumat;29260
2018-04-07;Sabtu;29311
2018-04-08;Minggu;30441
2018-04-09;Senin;28257
2018-04-10;Selasa;24120
2018-04-11;Rabu;25985
2018-04-12;Kamis;28791
2018-04-13;Jumat;28166
2018-04-14;Sabtu;30113
2018-04-15;Minggu;29269
2018-04-16;Senin;28631
2018-04-17;Selasa;25147
2018-04-18;Rabu;27174
2018-04-19;Kamis;29576
2018-04-20;Jumat;28541
2018-04-21;Sabtu;29805
2018-04-22;Minggu;26451
2018-04-23;Senin;26763
2018-04-24;Selasa;24672
2018-04-25;Rabu;27488
2018-04-26;Kamis;28464
2018-04-27;Jumat;29666
2018-04-28;Sabtu;32578
2018-04-29;Minggu;29029
2018-04-30;Senin;28294
2018-05-01;Selasa;26442
2018-05-02;Rabu;27970
2018-05-03;Kamis;30281
2018-05-04;Jumat;27853
2018-05-05;Sabtu;28803
2018-05-06;Minggu;27437
2018-05-07;Senin;28414
2018-05-08;Selasa;25872
2018-05-09;Rabu;27885
2018-05-10;Kamis;30406
2018-05-11;Jumat;30303
2018-05-12;Sabtu;30529
2018-05-13;Minggu;28699
2018-05-14;Senin;29334
2018-05-15;Selasa;28257
2018-05-16;Rabu;28741
2018-05-17;Kamis;31348
2018-05-18;Jumat;31422
2018-05-19;Sabtu;32750
2018-05-20;Minggu;30194
2018-05-21;Senin;29795
2018-05-22;Selasa;29136
2018-05-23;Rabu;31010
2018-05-24;Kamis;32425
2018-05-25;Jumat;33230
2018-05-26;Sabtu;32275
2018-05-27;Minggu;31358
2018-05-28;Senin;29765
2018-05-29;Selasa;27873
2018-05-30;Rabu;28798
2018-05-31;Kamis;30897
2018-06-01;Jumat;33247
2018-06-02;Sabtu;33661
2018-06-03;Minggu;31099
2018-06-04;Senin;30726
2018-06-05;Selasa;29738
2018-06-06;Rabu;30152
2018-06-07;Kamis;33559
2018-06-08;Jumat;33778
2018-06-09;Sabtu;34632
2018-06-10;Minggu;34355
2018-06-11;Senin;34794
2018-06-12;Selasa;31858
2018-06-13;Rabu;33064
2018-06-14;Kamis;33906
2018-06-15;Jumat;34936
2018-06-16;Sabtu;35653
2018-06-17;Minggu;35570
2018-06-18;Senin;34506
2018-06-19;Selasa;33599
2018-06-20;Rabu;33294
2018-06-21;Kamis;34385
2018-06-22;Jumat;33983
2018-06-23;Sabtu;33544
2018-06-24;Minggu;33656
2018-06-25;Senin;34279
2018-06-26;Selasa;33507
2018-06-27;Rabu;32804
2018-06-28;Kamis;34417
2018-06-29;Jumat;35100
2018-06-30;Sabtu;35859
2018-07-01;Minggu;35873
2018-07-02;Senin;34409
2018-07-03;Selasa;33045
2018-07-04;Rabu;33845
2018-07-05;Kamis;33978
2018-07-06;Jumat;32552
2018-07-07;Sabtu;34370
2018-07-08;Minggu;34421
2018-07-09;Senin;33812
2018-07-10;Selasa;33452
2018-07-11;Rabu;33776
2018-07-12;Kamis;34048
2018-07-13;Jumat;34557
2018-07-14;Sabtu;34311
2018-07-15;Minggu;34593
2018-07-16;Senin;33668
2018-07-17;Selasa;32884
2018-07-18;Rabu;34032
2018-07-19;Kamis;34804
2018-07-20;Jumat;34945
2018-07-21;Sabtu;36875
2018-07-22;Minggu;35131
2018-07-23;Senin;35154
2018-07-24;Selasa;32882
2018-07-25;Rabu;34395
2018-07-26;Kamis;34783
2018-07-27;Jumat;35369
2018-07-28;Sabtu;35488
2018-07-29;Minggu;35054
2018-07-30;Senin;35585
2018-07-31;Selasa;35144
2018-08-01;Rabu;35032
2018-08-02;Kamis;35258
2018-08-03;Jumat;36394
2018-08-04;Sabtu;36515
2018-08-05;Minggu;35678
2018-08-06;Senin;33807
2018-08-07;Selasa;33977
2018-08-08;Rabu;32228
2018-08-09;Kamis;34009
2018-08-10;Jumat;35543
2018-08-11;Sabtu;34258
2018-08-12;Minggu;33740
2018-08-13;Senin;34602
2018-08-14;Selasa;31642
2018-08-15;Rabu;31580
2018-08-16;Kamis;33882
2018-08-17;Jumat;32203
2018-08-18;Sabtu;34381
2018-08-19;Minggu;32108
2018-08-20;Senin;30815
2018-08-21;Selasa;26004
2018-08-22;Rabu;22939
2018-08-23;Kamis;17183
2018-08-24;Jumat;13272
2018-08-25;Sabtu;24539
2018-08-26;Minggu;28294
2018-08-27;Senin;27346
2018-08-28;Selasa;23927
2018-08-29;Rabu;27159
2018-08-30;Kamis;30661
2018-08-31;Jumat;31832
2018-09-01;Sabtu;33522
2018-09-02;Minggu;26898
2018-09-03;Senin;28791
2018-09-04;Selasa;23634
2018-09-05;Rabu;25304
2018-09-06;Kamis;27860
2018-09-07;Jumat;25539
2018-09-08;Sabtu;29490
2018-09-09;Minggu;26945
2018-09-10;Senin;27370
2018-09-11;Selasa;22116
2018-09-12;Rabu;23822
2018-09-13;Kamis;27946
2018-09-14;Jumat;27397
2018-09-15;Sabtu;29620
2018-09-16;Minggu;27818
2018-09-17;Senin;28432
2018-09-18;Selasa;24096
2018-09-19;Rabu;26542
2018-09-20;Kamis;29733
2018-09-21;Jumat;28761
2018-09-22;Sabtu;30812
2018-09-23;Minggu;28507
2018-09-24;Senin;28049
2018-09-25;Selasa;25312
2018-09-26;Rabu;25801
2018-09-27;Kamis;28602
2018-09-28;Jumat;27191
2018-09-29;Sabtu;29175
2018-09-30;Minggu;25222
2018-10-01;Senin;28927
2018-10-02;Selasa;26339
2018-10-03;Rabu;28018
2018-10-04;Kamis;29412
2018-10-05;Jumat;29317
2018-10-06;Sabtu;31923
2018-10-07;Minggu;28862
2018-10-08;Senin;28800
2018-10-09;Selasa;26343
2018-10-10;Rabu;28098
2018-10-11;Kamis;30128
2018-10-12;Jumat;29548
2018-10-13;Sabtu;32494
2018-10-14;Minggu;29947
2018-10-15;Senin;31170
2018-10-16;Selasa;26059
2018-10-17;Rabu;26658
2018-10-18;Kamis;29547
2018-10-19;Jumat;29066
2018-10-20;Sabtu;31736
2018-10-21;Minggu;27763
2018-10-22;Senin;27230
2018-10-23;Selasa;24993
2018-10-24;Rabu;27237
2018-10-25;Kamis;27734
2018-10-26;Jumat;27151
2018-10-27;Sabtu;28451
2018-10-28;Minggu;25644
2018-10-29;Senin;24826
2018-10-30;Selasa;22031
2018-10-31;Rabu;24430
2018-11-01;Kamis;28295
2018-11-02;Jumat;28733
2018-11-03;Sabtu;30587
2018-11-04;Minggu;28018
2018-11-05;Senin;27065
2018-11-06;Selasa;25223
2018-11-07;Rabu;26251
2018-11-08;Kamis;29337
2018-11-09;Jumat;28988
2018-11-10;Sabtu;31129
2018-11-11;Minggu;28772
2018-11-12;Senin;27419
2018-11-13;Selasa;25495
2018-11-14;Rabu;27058
2018-11-15;Kamis;31186
2018-11-16;Jumat;31516
2018-11-17;Sabtu;34478
2018-11-18;Minggu;33030
2018-11-19;Senin;30417
2018-11-20;Selasa;28597
2018-11-21;Rabu;29564
2018-11-22;Kamis;30602
2018-11-23;Jumat;25469
2018-11-24;Sabtu;26609
2018-11-25;Minggu;27978
2018-11-26;Senin;27227
2018-11-27;Selasa;23814
2018-11-28;Rabu;23446
2018-11-29;Kamis;24820
2018-11-30;Jumat;24654
2018-12-01;Sabtu;28713
2018-12-02;Minggu;25191
2018-12-03;Senin;25762
2018-12-04;Selasa;21315
2018-12-05;Rabu;23802
2018-12-06;Kamis;28229
2018-12-07;Jumat;26302
2018-12-08;Sabtu;28365
2018-12-09;Minggu;23341
2018-12-10;Senin;24026
2018-12-11;Selasa;22065
2018-12-12;Rabu;25292
2018-12-13;Kamis;28193
2018-12-14;Jumat;28501
2018-12-15;Sabtu;31573
2018-12-16;Minggu;28581
2018-12-17;Senin;28136
2018-12-18;Selasa;26897
2018-12-19;Rabu;34256
2018-12-20;Kamis;37579
2018-12-21;Jumat;39526
2018-12-22;Sabtu;40214
2018-12-23;Minggu;39276
2018-12-24;Senin;37333
2018-12-25;Selasa;37253
2018-12-26;Rabu;38838
2018-12-27;Kamis;38573
2018-12-28;Jumat;39472
2018-12-29;Sabtu;37737
2018-12-30;Minggu;36377
2018-12-31;Senin;31477
2019-01-01;Selasa;33450
2019-01-02;Rabu;32922
2019-01-03;Kamis;36177
2019-01-04;Jumat;35193
2019-01-05;Sabtu;36324
2019-01-06;Minggu;32685
2019-01-07;Senin;30107
2019-01-08;Selasa;27018
2019-01-09;Rabu;27260
2019-01-10;Kamis;29721
2019-01-11;Jumat;28110
2019-01-12;Sabtu;30421
2019-01-13;Minggu;24871
2019-01-14;Senin;27136
2019-01-15;Selasa;23919
2019-01-16;Rabu;26742
2019-01-17;Kamis;29511
2019-01-18;Jumat;30263
2019-01-19;Sabtu;30640
2019-01-20;Minggu;27231
2019-01-21;Senin;25474
2019-01-22;Selasa;21980
2019-01-23;Rabu;25019
2019-01-24;Kamis;26489
2019-01-25;Jumat;25485
2019-01-26;Sabtu;29638
2019-01-27;Minggu;25595
2019-01-28;Senin;22347
2019-01-29;Selasa;21375
2019-01-30;Rabu;23010
2019-01-31;Kamis;28086
2019-02-01;Jumat;28578
2019-02-02;Sabtu;33525
2019-02-03;Minggu;25324
2019-02-04;Senin;26444
2019-02-05;Selasa;26078
2019-02-06;Rabu;26638
2019-02-07;Kamis;28841
2019-02-08;Jumat;28032
2019-02-09;Sabtu;31847
2019-02-10;Minggu;27068
2019-02-11;Senin;26417
2019-02-12;Selasa;27267
2019-02-13;Rabu;27807
2019-02-14;Kamis;31820
2019-02-15;Jumat;32635
2019-02-16;Sabtu;35161
2019-02-17;Minggu;32251
2019-02-18;Senin;30793
2019-02-19;Selasa;26510
2019-02-20;Rabu;28402
2019-02-21;Kamis;29171
2019-02-22;Jumat;28850
2019-02-23;Sabtu;32005
2019-02-24;Minggu;25616
2019-02-25;Senin;24574
2019-02-26;Selasa;22122
2019-02-27;Rabu;24953
2019-02-28;Kamis;29084
2019-03-01;Jumat;30455
2019-03-02;Sabtu;32085
2019-03-03;Minggu;27386
2019-03-04;Senin;26232
2019-03-05;Selasa;24109
2019-03-06;Rabu;27007
2019-03-07;Kamis;31278
2019-03-08;Jumat;32485
2019-03-09;Sabtu;34038
2019-03-10;Minggu;30369
2019-03-11;Senin;26768
2019-03-12;Selasa;25873
2019-03-13;Rabu;27364
2019-03-14;Kamis;32082
2019-03-15;Jumat;34256
2019-03-16;Sabtu;35811
2019-03-17;Minggu;32398
2019-03-18;Senin;30475
2019-03-19;Selasa;29361
2019-03-20;Rabu;30692
2019-03-21;Kamis;33823
2019-03-22;Jumat;35739
2019-03-23;Sabtu;38572
2019-03-24;Minggu;35930
2019-03-25;Senin;34282
2019-03-26;Selasa;32330
2019-03-27;Rabu;31296
2019-03-28;Kamis;33679
2019-03-29;Jumat;34986
2019-03-30;Sabtu;37557
2019-03-31;Minggu;33318
2019-04-01;Senin;32381
2019-04-02;Selasa;26742
2019-04-03;Rabu;27620
2019-04-04;Kamis;28202
2019-04-05;Jumat;29044
2019-04-06;Sabtu;31683
2019-04-07;Minggu;30336
2019-04-08;Senin;27854
2019-04-09;Selasa;24159
2019-04-10;Rabu;27889
2019-04-11;Kamis;30732
2019-04-12;Jumat;31193
2019-04-13;Sabtu;33486
2019-04-14;Minggu;32379
2019-04-15;Senin;28938
2019-04-16;Selasa;26672
2019-04-17;Rabu;29324
2019-04-18;Kamis;31929
2019-04-19;Jumat;32114
2019-04-20;Sabtu;31848
2019-04-21;Minggu;28146
2019-04-22;Senin;29417
2019-04-23;Selasa;26407
2019-04-24;Rabu;26734
2019-04-25;Kamis;30291
2019-04-26;Jumat;27978
2019-04-27;Sabtu;31840
2019-04-28;Minggu;28728
2019-04-29;Senin;29491
2019-04-30;Selasa;29045
2019-05-01;Rabu;30404
2019-05-02;Kamis;31244
2019-05-03;Jumat;31270
2019-05-04;Sabtu;32128
2019-05-05;Minggu;27896
2019-05-06;Senin;27564
2019-05-07;Selasa;26879
2019-05-08;Rabu;28475
2019-05-09;Kamis;30023
2019-05-10;Jumat;31004
2019-05-11;Sabtu;31736
2019-05-12;Minggu;27814
2019-05-13;Senin;30041
2019-05-14;Selasa;29615
2019-05-15;Rabu;29396
2019-05-16;Kamis;31216
2019-05-17;Jumat;32139
2019-05-18;Sabtu;33284
2019-05-19;Minggu;30640
2019-05-20;Senin;31694
2019-05-21;Selasa;29671
2019-05-22;Rabu;32900
2019-05-23;Kamis;33512
2019-05-24;Jumat;34787
2019-05-25;Sabtu;35464
2019-05-26;Minggu;32857
2019-05-27;Senin;30837
2019-05-28;Selasa;28579
2019-05-29;Rabu;29530
2019-05-30;Kamis;32386
2019-05-31;Jumat;33821
2019-06-01;Sabtu;35193
2019-06-02;Minggu;33338
2019-06-03;Senin;32677
2019-06-04;Selasa;31237
2019-06-05;Rabu;31424
2019-06-06;Kamis;35567
2019-06-07;Jumat;36692
2019-06-08;Sabtu;37181
2019-06-09;Minggu;34946
2019-06-10;Senin;35102
2019-06-11;Selasa;33473
2019-06-12;Rabu;34522
2019-06-13;Kamis;35469
2019-06-14;Jumat;37218
2019-06-15;Sabtu;37374
2019-06-16;Minggu;37478
2019-06-17;Senin;33892
2019-06-18;Selasa;34709
2019-06-19;Rabu;36283
2019-06-20;Kamis;36019
2019-06-21;Jumat;36911
2019-06-22;Sabtu;38087
2019-06-23;Minggu;37851
2019-06-24;Senin;35727
2019-06-25;Selasa;34322
2019-06-26;Rabu;36507
2019-06-27;Kamis;36694
2019-06-28;Jumat;38116
2019-06-29;Sabtu;38473
2019-06-30;Minggu;38723
2019-07-01;Senin;36785
2019-07-02;Selasa;36091
2019-07-03;Rabu;37315
2019-07-04;Kamis;36262
2019-07-05;Jumat;37063
2019-07-06;Sabtu;37547
2019-07-07;Minggu;36542
2019-07-08;Senin;36127
2019-07-09;Selasa;35148
2019-07-10;Rabu;35769
2019-07-11;Kamis;34507
2019-07-12;Jumat;36396
2019-07-13;Sabtu;37420
2019-07-14;Minggu;37847
2019-07-15;Senin;35426
2019-07-16;Selasa;34187
2019-07-17;Rabu;36541
2019-07-18;Kamis;34984
2019-07-19;Jumat;37504
2019-07-20;Sabtu;38455
2019-07-21;Minggu;37400
2019-07-22;Senin;36655
2019-07-23;Selasa;35240
2019-07-24;Rabu;36375
2019-07-25;Kamis;36924
2019-07-26;Jumat;37549
2019-07-27;Sabtu;39306
2019-07-28;Minggu;37893
2019-07-29;Senin;37505
2019-07-30;Selasa;35344
2019-07-31;Rabu;35455
2019-08-01;Kamis;37095
2019-08-02;Jumat;37656
2019-08-03;Sabtu;39389
2019-08-04;Minggu;37657
2019-08-05;Senin;36635
2019-08-06;Selasa;34669
2019-08-07;Rabu;34945
2019-08-08;Kamis;35868
2019-08-09;Jumat;36596
2019-08-10;Sabtu;38095
2019-08-11;Minggu;35557
2019-08-12;Senin;34074
2019-08-13;Selasa;31569
2019-08-14;Rabu;32780
2019-08-15;Kamis;35272
2019-08-16;Jumat;34353
2019-08-17;Sabtu;35854
2019-08-18;Minggu;32894
2019-08-19;Senin;33652
2019-08-20;Selasa;28204
2019-08-21;Rabu;28965
2019-08-22;Kamis;31022
2019-08-23;Jumat;30476
2019-08-24;Sabtu;32705
2019-08-25;Minggu;29346
2019-08-26;Senin;27394
2019-08-27;Selasa;24095
2019-08-28;Rabu;27843
2019-08-29;Kamis;31854
2019-08-30;Jumat;34053
2019-08-31;Sabtu;33804
2019-09-01;Minggu;29287
2019-09-02;Senin;27852
2019-09-03;Selasa;25958
2019-09-04;Rabu;25691
2019-09-05;Kamis;26891
2019-09-06;Jumat;27913
2019-09-07;Sabtu;29628
2019-09-08;Minggu;27983
2019-09-09;Senin;26096
2019-09-10;Selasa;26467
2019-09-11;Rabu;25920
2019-09-12;Kamis;28095
2019-09-13;Jumat;28663
2019-09-14;Sabtu;31056
2019-09-15;Minggu;28655
2019-09-16;Senin;29554
2019-09-17;Selasa;26323
2019-09-18;Rabu;27215
2019-09-19;Kamis;28643
2019-09-20;Jumat;29555
2019-09-21;Sabtu;30299
2019-09-22;Minggu;28239
2019-09-23;Senin;29058
2019-09-24;Selasa;25906
2019-09-25;Rabu;25589
2019-09-26;Kamis;28633
2019-09-27;Jumat;28560
2019-09-28;Sabtu;29695
2019-09-29;Minggu;27861
2019-09-30;Senin;27872
2019-10-01;Selasa;29116
2019-10-02;Rabu;27787
2019-10-03;Kamis;30069
2019-10-04;Jumat;30838
2019-10-05;Sabtu;33095
2019-10-06;Minggu;30420
2019-10-07;Senin;29955
2019-10-08;Selasa;29232
2019-10-09;Rabu;30134
2019-10-10;Kamis;31051
2019-10-11;Jumat;31901
2019-10-12;Sabtu;30123
2019-10-13;Minggu;31258
2019-10-14;Senin;32813
2019-10-15;Selasa;29526
2019-10-16;Rabu;29639
2019-10-17;Kamis;31135
2019-10-18;Jumat;30648
2019-10-19;Sabtu;32874
2019-10-20;Minggu;29562
2019-10-21;Senin;29360
2019-10-22;Selasa;26990
2019-10-23;Rabu;27494
2019-10-24;Kamis;29664
2019-10-25;Jumat;28725
2019-10-26;Sabtu;29423
2019-10-27;Minggu;26590
2019-10-28;Senin;26188
2019-10-29;Selasa;24782
2019-10-30;Rabu;26647
2019-10-31;Kamis;27594
2019-11-01;Jumat;31052
2019-11-02;Sabtu;32649
2019-11-03;Minggu;27894
2019-11-04;Senin;27420
2019-11-05;Selasa;28098
2019-11-06;Rabu;28188
2019-11-07;Kamis;29906
2019-11-08;Jumat;30754
2019-11-09;Sabtu;33204
2019-11-10;Minggu;26483
2019-11-11;Senin;27439
2019-11-12;Selasa;25869
2019-11-13;Rabu;25141
2019-11-14;Kamis;27724
2019-11-15;Jumat;27351
2019-11-16;Sabtu;29355
2019-11-17;Minggu;26527
2019-11-18;Senin;26780
2019-11-19;Selasa;25698
2019-11-20;Rabu;28335
2019-11-21;Kamis;30222
2019-11-22;Jumat;32185
2019-11-23;Sabtu;35840
2019-11-24;Minggu;32923
2019-11-25;Senin;30858
2019-11-26;Selasa;29074
2019-11-27;Rabu;29614
2019-11-28;Kamis;30193
2019-11-29;Jumat;27922
2019-11-30;Sabtu;29687
2019-12-01;Minggu;32384
2019-12-02;Senin;29755
2019-12-03;Selasa;27903
2019-12-04;Rabu;27912
2019-12-05;Kamis;29480
2019-12-06;Jumat;28560
2019-12-07;Sabtu;29514
2019-12-08;Minggu;26540
2019-12-09;Senin;27030
2019-12-10;Selasa;26119
2019-12-11;Rabu;27295
2019-12-12;Kamis;29073
2019-12-13;Jumat;31311
2019-12-14;Sabtu;34291
2019-12-15;Minggu;31368
2019-12-16;Senin;30623
2019-12-17;Selasa;29632
2019-12-18;Rabu;34848
2019-12-19;Kamis;38174
2019-12-20;Jumat;40451
2019-12-21;Sabtu;41436
2019-12-22;Minggu;41342
2019-12-23;Senin;41487
2019-12-24;Selasa;40270
2019-12-25;Rabu;39095
2019-12-26;Kamis;40054
2019-12-27;Jumat;41786
2019-12-28;Sabtu;42141
2019-12-29;Minggu;40303
2019-12-30;Senin;39926
2019-12-31;Selasa;35158
2020-01-01;Rabu;35945
2020-01-02;Kamis;38885
2020-01-03;Jumat;37319
2020-01-04;Sabtu;37804
2020-01-05;Minggu;37915
2020-01-06;Senin;33636
2020-01-07;Selasa;29379
2020-01-08;Rabu;29898
2020-01-09;Kamis;31177
2020-01-10;Jumat;30567
2020-01-11;Sabtu;31205
2020-01-12;Minggu;28731
2020-01-13;Senin;27479
2020-01-14;Selasa;25885
2020-01-15;Rabu;29293
2020-01-16;Kamis;31542
2020-01-17;Jumat;34009
2020-01-18;Sabtu;33636
2020-01-19;Minggu;30295
2020-01-20;Senin;28220
2020-01-21;Selasa;26159
2020-01-22;Rabu;27153
2020-01-23;Kamis;29227
2020-01-24;Jumat;27742
2020-01-25;Sabtu;28554
2020-01-26;Minggu;26593
2020-01-27;Senin;24301
2020-01-28;Selasa;23375
2020-01-29;Rabu;25105
2020-01-30;Kamis;27909
2020-01-31;Jumat;28897
2020-02-01;Sabtu;32919
2020-02-02;Minggu;27057
2020-02-03;Senin;26642
2020-02-04;Selasa;26675
2020-02-05;Rabu;27905
2020-02-06;Kamis;28648
2020-02-07;Jumat;29852
2020-02-08;Sabtu;32636
2020-02-09;Minggu;27784
2020-02-10;Senin;27456
2020-02-11;Selasa;28136
2020-02-12;Rabu;29781
2020-02-13;Kamis;32533
2020-02-14;Jumat;35312
2020-02-15;Sabtu;36887
2020-02-16;Minggu;33778
2020-02-17;Senin;31266
2020-02-18;Selasa;29527
2020-02-19;Rabu;29388
2020-02-20;Kamis;30140
2020-02-21;Jumat;29246
2020-02-22;Sabtu;31581
2020-02-23;Minggu;27903
2020-02-24;Senin;27436
2020-02-25;Selasa;25230
2020-02-26;Rabu;26061
2020-02-27;Kamis;28586
2020-02-28;Jumat;26601
2020-02-29;Sabtu;30737
2020-03-01;Minggu;28976
2020-03-02;Senin;24512
2020-03-03;Selasa;22799
2020-03-04;Rabu;24425
2020-03-05;Kamis;28729
2020-03-06;Jumat;28980
2020-03-07;Sabtu;31050
2020-03-08;Minggu;26388
2020-03-09;Senin;23730
2020-03-10;Selasa;22270
2020-03-11;Rabu;23790
2020-03-12;Kamis;28674
2020-03-13;Jumat;28412
2020-03-14;Sabtu;28288
2020-03-15;Minggu;23882
2020-03-16;Senin;20410
2020-03-17;Selasa;19181
2020-03-18;Rabu;14042
2020-03-19;Kamis;10571
2020-03-20;Jumat;8293
2020-03-21;Sabtu;6478
2020-03-22;Minggu;5514
2020-03-23;Senin;3880
2020-03-24;Selasa;3691
2020-03-25;Rabu;3158
2020-03-26;Kamis;1033
2020-03-27;Jumat;985
2020-03-28;Sabtu;808
2020-03-29;Minggu;547
2020-03-30;Senin;593
2020-03-31;Selasa;301
2020-04-01;Rabu;453
2020-04-02;Kamis;249
2020-04-03;Jumat;404
2020-04-04;Sabtu;395
2020-04-05;Minggu;359
2020-04-06;Senin;333
2020-04-07;Selasa;424
2020-04-08;Rabu;417
2020-04-09;Kamis;543
2020-04-10;Jumat;330
2020-04-11;Sabtu;271
2020-04-12;Minggu;319
2020-04-13;Senin;609
2020-04-14;Selasa;438
2020-04-15;Rabu;604
2020-04-16;Kamis;330
2020-04-17;Jumat;342
2020-04-18;Sabtu;373
2020-04-19;Minggu;336
2020-04-20;Senin;313
2020-04-21;Selasa;360
2020-04-22;Rabu;318
2020-04-23;Kamis;368
2020-04-24;Jumat;330
2020-04-25;Sabtu;386
2020-04-26;Minggu;401
2020-04-27;Senin;363
2020-04-28;Selasa;357
2020-04-29;Rabu;460
2020-04-30;Kamis;451
2020-05-01;Jumat;511
2020-05-02;Sabtu;637
2020-05-03;Minggu;557
2020-05-04;Senin;644
2020-05-05;Selasa;581
2020-05-06;Rabu;478
2020-05-07;Kamis;579
2020-05-08;Jumat;615
2020-05-09;Sabtu;669
2020-05-10;Minggu;658
2020-05-11;Senin;698
2020-05-12;Selasa;746
2020-05-13;Rabu;651
2020-05-14;Kamis;769
2020-05-15;Jumat;844
2020-05-16;Sabtu;833
2020-05-17;Minggu;899
2020-05-18;Senin;1060
2020-05-19;Selasa;916
2020-05-20;Rabu;1042
2020-05-21;Kamis;965
2020-05-22;Jumat;753
2020-05-23;Sabtu;912
2020-05-24;Minggu;838
2020-05-25;Senin;870
2020-05-26;Selasa;763
2020-05-27;Rabu;873
2020-05-28;Kamis;899
2020-05-29;Jumat;928
2020-05-30;Sabtu;1098
2020-05-31;Minggu;1228
2020-06-01;Senin;1408
2020-06-02;Selasa;1377
2020-06-03;Rabu;1301
2020-06-04;Kamis;1444
2020-06-05;Jumat;1270
2020-06-06;Sabtu;1479
2020-06-07;Minggu;1636
2020-06-08;Senin;1580
2020-06-09;Selasa;1382
2020-06-10;Rabu;1284
2020-06-11;Kamis;1496
2020-06-12;Jumat;1126
2020-06-13;Sabtu;1900
2020-06-14;Minggu;1648
2020-06-15;Senin;1575
2020-06-16;Selasa;1474
2020-06-17;Rabu;1258
2020-06-18;Kamis;1575
2020-06-19;Jumat;1328
2020-06-20;Sabtu;1475
2020-06-21;Minggu;1340
2020-06-22;Senin;1534
2020-06-23;Selasa;1340
2020-06-24;Rabu;1365
2020-06-25;Kamis;1513
2020-06-26;Jumat;1159
2020-06-27;Sabtu;1717
2020-06-28;Minggu;1432
2020-06-29;Senin;1517
2020-06-30;Selasa;1654
2020-07-01;Rabu;1982
2020-07-02;Kamis;2347
2020-07-03;Jumat;2129
2020-07-04;Sabtu;1801
2020-07-05;Minggu;1780
2020-07-06;Senin;2402
2020-07-07;Selasa;2395
2020-07-08;Rabu;2182
2020-07-09;Kamis;2538
2020-07-10;Jumat;2098
2020-07-11;Sabtu;2047
2020-07-12;Minggu;1943
2020-07-13;Senin;2310
2020-07-14;Selasa;2050
2020-07-15;Rabu;2079
2020-07-16;Kamis;2318
2020-07-17;Jumat;1686
2020-07-18;Sabtu;1838
2020-07-19;Minggu;1872
2020-07-20;Senin;2325
2020-07-21;Selasa;1972
2020-07-22;Rabu;2071
2020-07-23;Kamis;1989
2020-07-24;Jumat;1702
2020-07-25;Sabtu;1710
2020-07-26;Minggu;791
2020-07-27;Senin;2315
2020-07-28;Selasa;1993
2020-07-29;Rabu;2086
2020-07-30;Kamis;2308
2020-07-31;Jumat;2384
2020-08-01;Sabtu;3069
2020-08-02;Minggu;2696
2020-08-03;Senin;3116
2020-08-04;Selasa;2628
2020-08-05;Rabu;2481
2020-08-06;Kamis;2814
2020-08-07;Jumat;1896
2020-08-08;Sabtu;2020
2020-08-09;Minggu;2279
2020-08-10;Senin;2701
2020-08-11;Selasa;2049
2020-08-12;Rabu;1771
2020-08-13;Kamis;1743
2020-08-14;Jumat;1800
2020-08-15;Sabtu;2054
2020-08-16;Minggu;1924
2020-08-17;Senin;1965
2020-08-18;Selasa;1810
2020-08-19;Rabu;1960
2020-08-20;Kamis;2447
2020-08-21;Jumat;1433
2020-08-22;Sabtu;1779
2020-08-23;Minggu;1673
2020-08-24;Senin;1790
2020-08-25;Selasa;1697
2020-08-26;Rabu;1540
2020-08-27;Kamis;1509
2020-08-28;Jumat;1267
2020-08-29;Sabtu;1476
2020-08-30;Minggu;1711
2020-08-31;Senin;2024
2020-09-01;Selasa;2517
2020-09-02;Rabu;2127
2020-09-03;Kamis;2152
2020-09-04;Jumat;1432
2020-09-05;Sabtu;1680
2020-09-06;Minggu;1445
2020-09-07;Senin;1878
2020-09-08;Selasa;1519
2020-09-09;Rabu;1626
2020-09-10;Kamis;1851
2020-09-11;Jumat;1348
2020-09-12;Sabtu;1752
2020-09-13;Minggu;1688
2020-09-14;Senin;2037
2020-09-15;Selasa;1813
2020-09-16;Rabu;1545
2020-09-17;Kamis;1613
2020-09-18;Jumat;1405
2020-09-19;Sabtu;1620
2020-09-20;Minggu;1569
2020-09-21;Senin;1872
2020-09-22;Selasa;1378
2020-09-23;Rabu;1526
2020-09-24;Kamis;1923
2020-09-25;Jumat;1464
2020-09-26;Sabtu;1562
2020-09-27;Minggu;1568
2020-09-28;Senin;1531
2020-09-29;Selasa;1732
2020-09-30;Rabu;1810
2020-10-01;Kamis;2527
2020-10-02;Jumat;1832
2020-10-03;Sabtu;2015
2020-10-04;Minggu;1689
2020-10-05;Senin;1750
2020-10-06;Selasa;1686
2020-10-07;Rabu;1483
2020-10-08;Kamis;1876
2020-10-09;Jumat;1619
2020-10-10;Sabtu;1764
2020-10-11;Minggu;1753
2020-10-12;Senin;1743
2020-10-13;Selasa;1635
2020-10-14;Rabu;1889
2020-10-15;Kamis;7598
2020-10-16;Jumat;7297
2020-10-17;Sabtu;7719
2020-10-18;Minggu;6204
2020-10-19;Senin;5084
2020-10-20;Selasa;4597
2020-10-21;Rabu;4535
2020-10-22;Kamis;5511
2020-10-23;Jumat;5302
2020-10-24;Sabtu;5765
2020-10-25;Minggu;4503
2020-10-26;Senin;4062
2020-10-27;Selasa;3572
2020-10-28;Rabu;4307
2020-10-29;Kamis;5103
2020-10-30;Jumat;5005
2020-10-31;Sabtu;5808
2020-11-01;Minggu;6889
2020-11-02;Senin;6611
2020-11-03;Selasa;5182
2020-11-04;Rabu;6884
2020-11-05;Kamis;7411
2020-11-06;Jumat;7679
2020-11-07;Sabtu;8502
2020-11-08;Minggu;5750
2020-11-09;Senin;6813
2020-11-10;Selasa;6176
2020-11-11;Rabu;7054
2020-11-12;Kamis;6361
2020-11-13;Jumat;6811
2020-11-14;Sabtu;8736
2020-11-15;Minggu;6733
2020-11-16;Senin;7266
2020-11-17;Selasa;6897
2020-11-18;Rabu;8391
2020-11-19;Kamis;9038
2020-11-20;Jumat;10834
2020-11-21;Sabtu;12218
2020-11-22;Minggu;10208
2020-11-23;Senin;9289
2020-11-24;Selasa;6595
2020-11-25;Rabu;7677
2020-11-26;Kamis;7507
2020-11-27;Jumat;6440
2020-11-28;Sabtu;6641
2020-11-29;Minggu;6062
2020-11-30;Senin;7762
2020-12-01;Selasa;8389
2020-12-02;Rabu;7676
2020-12-03;Kamis;8434
2020-12-04;Jumat;7223
2020-12-05;Sabtu;8440
2020-12-06;Minggu;6302
2020-12-07;Senin;6004
2020-12-08;Selasa;5022
2020-12-09;Rabu;6041
2020-12-10;Kamis;7614
2020-12-11;Jumat;7450
2020-12-12;Sabtu;8921
2020-12-13;Minggu;7437
2020-12-14;Senin;6691
2020-12-15;Selasa;6551
2020-12-16;Rabu;9008
2020-12-17;Kamis;10284
2020-12-18;Jumat;12036
2020-12-19;Sabtu;14683
2020-12-20;Minggu;11783
2020-12-21;Senin;11369
2020-12-22;Selasa;8998
2020-12-23;Rabu;11390
2020-12-24;Kamis;11766
2020-12-25;Jumat;10336
2020-12-26;Sabtu;14440
2020-12-27;Minggu;11237
2020-12-28;Senin;11238
2020-12-29;Selasa;11643
2020-12-30;Rabu;11717
2020-12-31;Kamis;9224
2021-01-01;Jumat;8588
2021-01-02;Sabtu;10683
2021-01-03;Minggu;10514
2021-01-04;Senin;10292
2021-01-05;Selasa;8066
2021-01-06;Rabu;8437
2021-01-07;Kamis;10060
2021-01-08;Jumat;7922
2021-01-09;Sabtu;8679
2021-01-10;Minggu;7194
2021-01-11;Senin;6798
2021-01-12;Selasa;4979
2021-01-13;Rabu;7143
2021-01-14;Kamis;8899
2021-01-15;Jumat;7520
2021-01-16;Sabtu;8298
2021-01-17;Minggu;6022
2021-01-18;Senin;6618
2021-01-19;Selasa;4853
2021-01-20;Rabu;6259
2021-01-21;Kamis;6665
2021-01-22;Jumat;5970
2021-01-23;Sabtu;7310
2021-01-24;Minggu;5242
2021-01-25;Senin;5261
2021-01-26;Selasa;4369
2021-01-27;Rabu;5910
2021-01-28;Kamis;7914
2021-01-29;Jumat;6630
2021-01-30;Sabtu;7996
2021-01-31;Minggu;6246
2021-02-01;Senin;7972
2021-02-02;Selasa;5495
2021-02-03;Rabu;7096
2021-02-04;Kamis;8202
2021-02-05;Jumat;8064
2021-02-06;Sabtu;9472
2021-02-07;Minggu;6503
2021-02-08;Senin;8041
2021-02-09;Selasa;7957
2021-02-10;Rabu;11100
2021-02-11;Kamis;13079
2021-02-12;Jumat;14223
2021-02-13;Sabtu;14614
2021-02-14;Minggu;10430
2021-02-15;Senin;10804
2021-02-16;Selasa;8373
2021-02-17;Rabu;9485
2021-02-18;Kamis;11091
2021-02-19;Jumat;10694
2021-02-20;Sabtu;11209
2021-02-21;Minggu;9170
2021-02-22;Senin;9220
2021-02-23;Selasa;7355
2021-02-24;Rabu;9808
2021-02-25;Kamis;11523
2021-02-26;Jumat;10073
2021-02-27;Sabtu;11175
2021-02-28;Minggu;9507
2021-03-01;Senin;10795
2021-03-02;Selasa;8440
2021-03-03;Rabu;11136
2021-03-04;Kamis;14567
2021-03-05;Jumat;13127
2021-03-06;Sabtu;15103
2021-03-07;Minggu;12104
2021-03-08;Senin;11330
2021-03-09;Selasa;9296
2021-03-10;Rabu;13250
2021-03-11;Kamis;16287
2021-03-12;Jumat;17518
2021-03-13;Sabtu;19158
2021-03-14;Minggu;14906
2021-03-15;Senin;14246
2021-03-16;Selasa;12777
2021-03-17;Rabu;15344
2021-03-18;Kamis;18400
2021-03-19;Jumat;19249
2021-03-20;Sabtu;22210
2021-03-21;Minggu;18894
2021-03-22;Senin;16959
2021-03-23;Selasa;15165
2021-03-24;Rabu;17454
2021-03-25;Kamis;19288
2021-03-26;Jumat;19892
2021-03-27;Sabtu;22357
2021-03-28;Minggu;19879
2021-03-29;Senin;18024
2021-03-30;Selasa;16760
2021-03-31;Rabu;17886
2021-04-01;Kamis;20810
2021-04-02;Jumat;21615
2021-04-03;Sabtu;22913
2021-04-04;Minggu;20536
2021-04-05;Senin;20906
2021-04-06;Selasa;17810
2021-04-07;Rabu;17307
2021-04-08;Kamis;19523
2021-04-09;Jumat;19476
2021-04-10;Sabtu;20883
2021-04-11;Minggu;17016
2021-04-12;Senin;17428
2021-04-13;Selasa;13045
2021-04-14;Rabu;15783
2021-04-15;Kamis;19890
2021-04-16;Jumat;18418
2021-04-17;Sabtu;20608
2021-04-18;Minggu;15548
2021-04-19;Senin;15496
2021-04-20;Selasa;13717
2021-04-21;Rabu;16928
2021-04-22;Kamis;19363
2021-04-23;Jumat;17521
2021-04-24;Sabtu;19535
2021-04-25;Minggu;14169
2021-04-26;Senin;14619
2021-04-27;Selasa;13153
2021-04-28;Rabu;17248
2021-04-29;Kamis;18599
2021-04-30;Jumat;17908
2021-05-01;Sabtu;22925
2021-05-02;Minggu;18199
2021-05-03;Senin;17844
2021-05-04;Selasa;16572
2021-05-05;Rabu;19318
2021-05-06;Kamis;22733
2021-05-07;Jumat;20371
2021-05-08;Sabtu;22921
2021-05-09;Minggu;18004
2021-05-10;Senin;21707
2021-05-11;Selasa;19265
2021-05-12;Rabu;22369
2021-05-13;Kamis;24350
2021-05-14;Jumat;23732
2021-05-15;Sabtu;25617
2021-05-16;Minggu;20697
2021-05-17;Senin;22078
2021-05-18;Selasa;21310
2021-05-19;Rabu;23454
2021-05-20;Kamis;25831
2021-05-21;Jumat;25315
2021-05-22;Sabtu;26642
2021-05-23;Minggu;23990
2021-05-24;Senin;22141
2021-05-25;Selasa;21507
2021-05-26;Rabu;24343
2021-05-27;Kamis;27343
2021-05-28;Jumat;25920
2021-05-29;Sabtu;28037
2021-05-30;Minggu;25902
2021-05-31;Senin;24599
2021-06-01;Selasa;24760
2021-06-02;Rabu;25348
2021-06-03;Kamis;28273
2021-06-04;Jumat;28778
2021-06-05;Sabtu;29683
2021-06-06;Minggu;27888
2021-06-07;Senin;27346
2021-06-08;Selasa;28020
2021-06-09;Rabu;28482
2021-06-10;Kamis;30055
2021-06-11;Jumat;30922
2021-06-12;Sabtu;31943
2021-06-13;Minggu;31158
2021-06-14;Senin;27063
2021-06-15;Selasa;27515
2021-06-16;Rabu;29990
2021-06-17;Kamis;30729
2021-06-18;Jumat;31269
2021-06-19;Sabtu;32472
2021-06-20;Minggu;30980
2021-06-21;Senin;30232
2021-06-22;Selasa;29091
2021-06-23;Rabu;29675
2021-06-24;Kamis;30893
2021-06-25;Jumat;29701
2021-06-26;Sabtu;32129
2021-06-27;Minggu;30189
2021-06-28;Senin;28191
2021-06-29;Selasa;29785
2021-06-30;Rabu;30503
2021-07-01;Kamis;32959
2021-07-02;Jumat;34326
2021-07-03;Sabtu;33580
2021-07-04;Minggu;30051
2021-07-05;Senin;30703
2021-07-06;Selasa;30437
2021-07-07;Rabu;29686
2021-07-08;Kamis;34159
2021-07-09;Jumat;33090
2021-07-10;Sabtu;34099
2021-07-11;Minggu;33094
2021-07-12;Senin;31570
2021-07-13;Selasa;31194
2021-07-14;Rabu;31382
2021-07-15;Kamis;32712
2021-07-16;Jumat;32611
2021-07-17;Sabtu;34625
2021-07-18;Minggu;32534
2021-07-19;Senin;32403
2021-07-20;Selasa;31615
2021-07-21;Rabu;32544
2021-07-22;Kamis;32583
2021-07-23;Jumat;32735
2021-07-24;Sabtu;35400
2021-07-25;Minggu;32457
2021-07-26;Senin;31008
2021-07-27;Selasa;30827
2021-07-28;Rabu;31117
2021-07-29;Kamis;32384
2021-07-30;Jumat;33360
2021-07-31;Sabtu;34608
2021-08-01;Minggu;35555
2021-08-02;Senin;32469
2021-08-03;Selasa;30078
2021-08-04;Rabu;31258
2021-08-05;Kamis;31306
2021-08-06;Jumat;30053
2021-08-07;Sabtu;31820
2021-08-08;Minggu;30569
2021-08-09;Senin;31244
2021-08-10;Selasa;28328
2021-08-11;Rabu;28430
2021-08-12;Kamis;29508
2021-08-13;Jumat;27497
2021-08-14;Sabtu;31571
2021-08-15;Minggu;29446
2021-08-16;Senin;28991
2021-08-17;Selasa;25080
2021-08-18;Rabu;26081
2021-08-19;Kamis;26934
2021-08-20;Jumat;26186
2021-08-21;Sabtu;28618
2021-08-22;Minggu;24142
2021-08-23;Senin;22485
2021-08-24;Selasa;20846
2021-08-25;Rabu;21360
2021-08-26;Kamis;22617
2021-08-27;Jumat;19959
2021-08-28;Sabtu;22503
2021-08-29;Minggu;18226
2021-08-30;Senin;17768
2021-08-31;Selasa;16908
2021-09-01;Rabu;23292
2021-09-02;Kamis;25024
2021-09-03;Jumat;25246
2021-09-04;Sabtu;24224
2021-09-05;Minggu;19080
2021-09-06;Senin;18970
2021-09-07;Selasa;18935
2021-09-08;Rabu;18144
2021-09-09;Kamis;19977
2021-09-10;Jumat;20239
2021-09-11;Sabtu;19164
2021-09-12;Minggu;17746
2021-09-13;Senin;18368
2021-09-14;Selasa;16979
2021-09-15;Rabu;18856
2021-09-16;Kamis;20398
2021-09-17;Jumat;20907
2021-09-18;Sabtu;21862
2021-09-19;Minggu;20664
2021-09-20;Senin;20041
2021-09-21;Selasa;17751
2021-09-22;Rabu;18727
2021-09-23;Kamis;19800
2021-09-24;Jumat;19204
2021-09-25;Sabtu;21117
2021-09-26;Minggu;18543
2021-09-27;Senin;18415
2021-09-28;Selasa;17199
2021-09-29;Rabu;17743
2021-09-30;Kamis;20304
2021-10-01;Jumat;21791
2021-10-02;Sabtu;23370
2021-10-03;Minggu;20663
2021-10-04;Senin;19594
2021-10-05;Selasa;18816
2021-10-06;Rabu;18371
2021-10-07;Kamis;20514
2021-10-08;Jumat;21797
2021-10-09;Sabtu;23772
2021-10-10;Minggu;21320
2021-10-11;Senin;20492
2021-10-12;Selasa;20603
2021-10-13;Rabu;21930
2021-10-14;Kamis;23343
2021-10-15;Jumat;25013
2021-10-16;Sabtu;28131
2021-10-17;Minggu;26207
2021-10-18;Senin;21663
2021-10-19;Selasa;19847
2021-10-20;Rabu;20845
2021-10-21;Kamis;22282
2021-10-22;Jumat;20978
2021-10-23;Sabtu;23952
2021-10-24;Minggu;20476
2021-10-25;Senin;20889
2021-10-26;Selasa;18545
2021-10-27;Rabu;18753
2021-10-28;Kamis;19680
2021-10-29;Jumat;19017
2021-10-30;Sabtu;19784
2021-10-31;Minggu;17351
2021-11-01;Senin;23084
2021-11-02;Selasa;19766
2021-11-03;Rabu;21111
2021-11-04;Kamis;23028
2021-11-05;Jumat;21911
2021-11-06;Sabtu;24406
2021-11-07;Minggu;22143
2021-11-08;Senin;20628
2021-11-09;Selasa;20010
2021-11-10;Rabu;24849
2021-11-11;Kamis;24469
2021-11-12;Jumat;19677
2021-11-13;Sabtu;21637
2021-11-14;Minggu;22287
2021-11-15;Senin;21610
2021-11-16;Selasa;19833
2021-11-17;Rabu;25637
2021-11-18;Kamis;26581
2021-11-19;Jumat;30512
2021-11-20;Sabtu;32259
2021-11-21;Minggu;29926
2021-11-22;Senin;29298
2021-11-23;Selasa;27134
2021-11-24;Rabu;27383
2021-11-25;Kamis;23330
2021-11-26;Jumat;20852
2021-11-27;Sabtu;20830
2021-11-28;Minggu;24902
2021-11-29;Senin;22842
2021-11-30;Selasa;21827
2021-12-01;Rabu;25384
2021-12-02;Kamis;24538
2021-12-03;Jumat;24513
2021-12-04;Sabtu;25416
2021-12-05;Minggu;21929
2021-12-06;Senin;19186
2021-12-07;Selasa;18753
2021-12-08;Rabu;22345
2021-12-09;Kamis;23206
2021-12-10;Jumat;23413
2021-12-11;Sabtu;25063
2021-12-12;Minggu;23437
2021-12-13;Senin;22435
2021-12-14;Selasa;23719
2021-12-15;Rabu;26761
2021-12-16;Kamis;29642
2021-12-17;Jumat;32724
2021-12-18;Sabtu;34468
2021-12-19;Minggu;34108
2021-12-20;Senin;33750
2021-12-21;Selasa;30946
2021-12-22;Rabu;31459
2021-12-23;Kamis;31965
2021-12-24;Jumat;28710
2021-12-25;Sabtu;26073
2021-12-26;Minggu;32877
2021-12-27;Senin;31377
2021-12-28;Selasa;30369
2021-12-29;Rabu;28762
2021-12-30;Kamis;26892
2021-12-31;Jumat;23332
2022-01-01;Sabtu;24966
2022-01-02;Minggu;29435
2022-01-03;Senin;28676
2022-01-04;Selasa;23184
2022-01-05;Rabu;23867
2022-01-06;Kamis;24367
2022-01-07;Jumat;23420
2022-01-08;Sabtu;26130
2022-01-09;Minggu;23439
2022-01-10;Senin;19610
2022-01-11;Selasa;18586
2022-01-12;Rabu;21759
2022-01-13;Kamis;24375
2022-01-14;Jumat;24357
2022-01-15;Sabtu;25707
2022-01-16;Minggu;20888
2022-01-17;Senin;17778
2022-01-18;Selasa;16533
2022-01-19;Rabu;17146
2022-01-20;Kamis;19909
2022-01-21;Jumat;20142
2022-01-22;Sabtu;22404
2022-01-23;Minggu;19821
2022-01-24;Senin;16885
2022-01-25;Selasa;15689
2022-01-26;Rabu;17740
2022-01-27;Kamis;19602
2022-01-28;Jumat;19686
2022-01-29;Sabtu;21146
2022-01-30;Minggu;17977
2022-01-31;Senin;16667
2022-02-01;Selasa;20992
2022-02-02;Rabu;20126
2022-02-03;Kamis;20983
2022-02-04;Jumat;21053
2022-02-05;Sabtu;23918
2022-02-06;Minggu;21208
2022-02-07;Senin;18788
2022-02-08;Selasa;19243
2022-02-09;Rabu;21748
2022-02-10;Kamis;24712
2022-02-11;Jumat;24800
2022-02-12;Sabtu;27108
2022-02-13;Minggu;22346
2022-02-14;Senin;20723
2022-02-15;Selasa;25169
2022-02-16;Rabu;26711
2022-02-17;Kamis;28185
2022-02-18;Jumat;29331
2022-02-19;Sabtu;30886
2022-02-20;Minggu;29440
2022-02-21;Senin;27390
2022-02-22;Selasa;25170
2022-02-23;Rabu;23266
2022-02-24;Kamis;24112
2022-02-25;Jumat;24602
2022-02-26;Sabtu;27227
2022-02-27;Minggu;24024
2022-02-28;Senin;22834
2022-03-01;Selasa;24811
2022-03-02;Rabu;23876
2022-03-03;Kamis;26507
2022-03-04;Jumat;27046
2022-03-05;Sabtu;28263
2022-03-06;Minggu;25053
2022-03-07;Senin;22183
2022-03-08;Selasa;21253
2022-03-09;Rabu;25355
2022-03-10;Kamis;28039
2022-03-11;Jumat;30709
2022-03-12;Sabtu;30874
2022-03-13;Minggu;29531
2022-03-14;Senin;27357
2022-03-15;Selasa;24511
2022-03-16;Rabu;26647
2022-03-17;Kamis;30572
2022-03-18;Jumat;31853
2022-03-19;Sabtu;33923
2022-03-20;Minggu;31957
2022-03-21;Senin;30821
2022-03-22;Selasa;28001
2022-03-23;Rabu;28761
2022-03-24;Kamis;29740
2022-03-25;Jumat;31250
2022-03-26;Sabtu;33341
2022-03-27;Minggu;29855
2022-03-28;Senin;28983
2022-03-29;Selasa;25229
2022-03-30;Rabu;27158
2022-03-31;Kamis;31032
2022-04-01;Jumat;32302
2022-04-02;Sabtu;32688
2022-04-03;Minggu;30688
2022-04-04;Senin;29980
2022-04-05;Selasa;27827
2022-04-06;Rabu;29361
2022-04-07;Kamis;31679
2022-04-08;Jumat;32616
2022-04-09;Sabtu;32839
2022-04-10;Minggu;33308
2022-04-11;Senin;30775
2022-04-12;Selasa;27966
2022-04-13;Rabu;29205
2022-04-14;Kamis;31079
2022-04-15;Jumat;32667
2022-04-16;Sabtu;30615
2022-04-17;Minggu;29673
2022-04-18;Senin;28951
2022-04-19;Selasa;26838
2022-04-20;Rabu;27656
2022-04-21;Kamis;28805
2022-04-22;Jumat;29724
2022-04-23;Sabtu;29259
2022-04-24;Minggu;27325
2022-04-25;Senin;25248
2022-04-26;Selasa;23137
2022-04-27;Rabu;26539
2022-04-28;Kamis;28324
2022-04-29;Jumat;26856
2022-04-30;Sabtu;28785
2022-05-01;Minggu;26560
2022-05-02;Senin;26312
2022-05-03;Selasa;25035
2022-05-04;Rabu;26661
2022-05-05;Kamis;28336
2022-05-06;Jumat;28118
2022-05-07;Sabtu;29340
2022-05-08;Minggu;28649
2022-05-09;Senin;28536
2022-05-10;Selasa;27217
2022-05-11;Rabu;28476
2022-05-12;Kamis;29440
2022-05-13;Jumat;29001
2022-05-14;Sabtu;29796
2022-05-15;Minggu;29327
2022-05-16;Senin;28891
2022-05-17;Selasa;27887
2022-05-18;Rabu;28987
2022-05-19;Kamis;31100
2022-05-20;Jumat;30272
2022-05-21;Sabtu;30248
2022-05-22;Minggu;29919
2022-05-23;Senin;28679
2022-05-24;Selasa;27784
2022-05-25;Rabu;29214
2022-05-26;Kamis;29769
2022-05-27;Jumat;31280
2022-05-28;Sabtu;30705
2022-05-29;Minggu;29197
2022-05-30;Senin;29468
2022-05-31;Selasa;29457
2022-06-01;Rabu;29333
2022-06-02;Kamis;29268
2022-06-03;Jumat;31857
2022-06-04;Sabtu;33645
2022-06-05;Minggu;32890
2022-06-06;Senin;29749
2022-06-07;Selasa;30677
2022-06-08;Rabu;30369
2022-06-09;Kamis;31121
2022-06-10;Jumat;32695
2022-06-11;Sabtu;34133
2022-06-12;Minggu;34321
2022-06-13;Senin;30903
2022-06-14;Selasa;32415
2022-06-15;Rabu;30680
2022-06-16;Kamis;32292
2022-06-17;Jumat;32914
2022-06-18;Sabtu;34367
2022-06-19;Minggu;34760
2022-06-20;Senin;31317
2022-06-21;Selasa;32214
2022-06-22;Rabu;31394
2022-06-23;Kamis;30983
2022-06-24;Jumat;33429
2022-06-25;Sabtu;33888
2022-06-26;Minggu;34281
2022-06-27;Senin;31801
2022-06-28;Selasa;32650
2022-06-29;Rabu;31948
2022-06-30;Kamis;31601
2022-07-01;Jumat;34832
2022-07-02;Sabtu;35394
2022-07-03;Minggu;33725
2022-07-04;Senin;31808
2022-07-05;Selasa;31935
2022-07-06;Rabu;31187
2022-07-07;Kamis;32170
2022-07-08;Jumat;33916
2022-07-09;Sabtu;33520
2022-07-10;Minggu;34151
2022-07-11;Senin;32562
2022-07-12;Selasa;31645
2022-07-13;Rabu;31675
2022-07-14;Kamis;34194
2022-07-15;Jumat;33581
2022-07-16;Sabtu;35362
2022-07-17;Minggu;35497
2022-07-18;Senin;32910
2022-07-19;Selasa;32668
2022-07-20;Rabu;32465
2022-07-21;Kamis;33618
2022-07-22;Jumat;34903
2022-07-23;Sabtu;34844
2022-07-24;Minggu;34912
2022-07-25;Senin;34635
2022-07-26;Selasa;33177
2022-07-27;Rabu;34234
2022-07-28;Kamis;34120
2022-07-29;Jumat;34995
2022-07-30;Sabtu;35392
2022-07-31;Minggu;36551
2022-08-01;Senin;34860
2022-08-02;Selasa;32897
2022-08-03;Rabu;32896
2022-08-04;Kamis;33179
2022-08-05;Jumat;33000
2022-08-06;Sabtu;33648
2022-08-07;Minggu;33684
2022-08-08;Senin;32604
2022-08-09;Selasa;31467
2022-08-10;Rabu;31021
2022-08-11;Kamis;31589
2022-08-12;Jumat;30700
2022-08-13;Sabtu;32874
2022-08-14;Minggu;31797
2022-08-15;Senin;30714
2022-08-16;Selasa;29191
2022-08-17;Rabu;30052
2022-08-18;Kamis;30482
2022-08-19;Jumat;30832
2022-08-20;Sabtu;32224
2022-08-21;Minggu;31352
2022-08-22;Senin;28457
2022-08-23;Selasa;27704
2022-08-24;Rabu;27990
2022-08-25;Kamis;28451
2022-08-26;Jumat;27738
2022-08-27;Sabtu;29796
2022-08-28;Minggu;26372
2022-08-29;Senin;24825
2022-08-30;Selasa;24894
2022-08-31;Rabu;28662
2022-09-01;Kamis;31162
2022-09-02;Jumat;30420
2022-09-03;Sabtu;31402
2022-09-04;Minggu;27968
2022-09-05;Senin;27759
2022-09-06;Selasa;25370
2022-09-07;Rabu;25033
2022-09-08;Kamis;26459
2022-09-09;Jumat;25889
2022-09-10;Sabtu;27032
2022-09-11;Minggu;25372
2022-09-12;Senin;24694
2022-09-13;Selasa;24420
2022-09-14;Rabu;25011
2022-09-15;Kamis;28059
2022-09-16;Jumat;27611
2022-09-17;Sabtu;28565
2022-09-18;Minggu;26564
2022-09-19;Senin;25158
2022-09-20;Selasa;24686
2022-09-21;Rabu;25086
2022-09-22;Kamis;26728
2022-09-23;Jumat;27415
2022-09-24;Sabtu;26990
2022-09-25;Minggu;26503
2022-09-26;Senin;25341
2022-09-27;Selasa;24775
2022-09-28;Rabu;24792
2022-09-29;Kamis;26940
2022-09-30;Jumat;27886
2022-10-01;Sabtu;30440
2022-10-02;Minggu;29966
2022-10-03;Senin;27010
2022-10-04;Selasa;26667
2022-10-05;Rabu;25910
2022-10-06;Kamis;29908
2022-10-07;Jumat;29012
2022-10-08;Sabtu;31921
2022-10-09;Minggu;29981
2022-10-10;Senin;27448
2022-10-11;Selasa;26610
2022-10-12;Rabu;25953
2022-10-13;Kamis;27881
2022-10-14;Jumat;28466
2022-10-15;Sabtu;29828
2022-10-16;Minggu;29262
2022-10-17;Senin;26877
2022-10-18;Selasa;26327
2022-10-19;Rabu;25457
2022-10-20;Kamis;26745
2022-10-21;Jumat;26936
2022-10-22;Sabtu;29145
2022-10-23;Minggu;27993
2022-10-24;Senin;25885
2022-10-25;Selasa;24607
2022-10-26;Rabu;24840
2022-10-27;Kamis;25471
2022-10-28;Jumat;25483
2022-10-29;Sabtu;28256
2022-10-30;Minggu;26406
2022-10-31;Senin;24875
2022-11-01;Selasa;26584
2022-11-02;Rabu;27021
2022-11-03;Kamis;25799
2022-11-04;Jumat;27588
2022-11-05;Sabtu;29420
2022-11-06;Minggu;27391
2022-11-07;Senin;26556
2022-11-08;Selasa;25414
2022-11-09;Rabu;26277
2022-11-10;Kamis;27237
2022-11-11;Jumat;28128
2022-11-12;Sabtu;28373
2022-11-13;Minggu;27281
2022-11-14;Senin;25942
2022-11-15;Selasa;25422
2022-11-16;Rabu;26196
2022-11-17;Kamis;27781
2022-11-18;Jumat;31792
2022-11-19;Sabtu;33567
2022-11-20;Minggu;31175
2022-11-21;Senin;29969
2022-11-22;Selasa;28618
2022-11-23;Rabu;28482
2022-11-24;Kamis;28687
2022-11-25;Jumat;24617
2022-11-26;Sabtu;26157
2022-11-27;Minggu;27826
2022-11-28;Senin;26556
2022-11-29;Selasa;25975
2022-11-30;Rabu;25766
2022-12-01;Kamis;27273
2022-12-02;Jumat;27231
2022-12-03;Sabtu;29176
2022-12-04;Minggu;27289
2022-12-05;Senin;25109
2022-12-06;Selasa;24745
2022-12-07;Rabu;25031
2022-12-08;Kamis;26458
2022-12-09;Jumat;28242
2022-12-10;Sabtu;27489
2022-12-11;Minggu;27288
2022-12-12;Senin;25723
2022-12-13;Selasa;27054
2022-12-14;Rabu;27415
2022-12-15;Kamis;33270
2022-12-16;Jumat;34978
2022-12-17;Sabtu;34664
2022-12-18;Minggu;33604
2022-12-19;Senin;30220
2022-12-20;Selasa;32434
2022-12-21;Rabu;35461
2022-12-22;Kamis;36493
2022-12-23;Jumat;33815
2022-12-24;Sabtu;32493
2022-12-25;Minggu;35581
2022-12-26;Senin;33817
2022-12-27;Selasa;34936
2022-12-28;Rabu;34045
2022-12-29;Kamis;37071
2022-12-30;Jumat;35767
2022-12-31;Sabtu;36359
2023-01-01;Minggu;34247
2023-01-02;Senin;35454
2023-01-03;Selasa;37606
2023-01-04;Rabu;32163
2023-01-05;Kamis;33505
2023-01-06;Jumat;30244
2023-01-07;Sabtu;31142
2023-01-08;Minggu;29581
2023-01-09;Senin;29356
2023-01-10;Selasa;29399
2023-01-11;Rabu;26529
2023-01-12;Kamis;32429
2023-01-13;Jumat;30506
2023-01-14;Sabtu;32403
2023-01-15;Minggu;28365
2023-01-16;Senin;26228
2023-01-17;Selasa;26334
2023-01-18;Rabu;25150
2023-01-19;Kamis;28085
2023-01-20;Jumat;25457
2023-01-21;Sabtu;27796
2023-01-22;Minggu;24988
2023-01-23;Senin;25481
2023-01-24;Selasa;22892
2023-01-25;Rabu;24674
2023-01-26;Kamis;27831
2023-01-27;Jumat;24684
2023-01-28;Sabtu;25702
2023-01-29;Minggu;22047
2023-01-30;Senin;22925
2023-01-31;Selasa;24964
2023-02-01;Rabu;26948
2023-02-02;Kamis;27956
2023-02-03;Jumat;27694
2023-02-04;Sabtu;27809
2023-02-05;Minggu;25967
2023-02-06;Senin;24872
2023-02-07;Selasa;24855
2023-02-08;Rabu;25845
2023-02-09;Kamis;29109
2023-02-10;Jumat;28019
2023-02-11;Sabtu;30284
2023-02-12;Minggu;26980
2023-02-13;Senin;27089
2023-02-14;Selasa;28487
2023-02-15;Rabu;29478
2023-02-16;Kamis;30841
2023-02-17;Jumat;31465
2023-02-18;Sabtu;32255
2023-02-19;Minggu;32526
2023-02-20;Senin;29912
2023-02-21;Selasa;29584
2023-02-22;Rabu;28732
2023-02-23;Kamis;28332
2023-02-24;Jumat;27239
2023-02-25;Sabtu;29637
2023-02-26;Minggu;26900
2023-02-27;Senin;25723
2023-02-28;Selasa;27180
2023-03-01;Rabu;27482
2023-03-02;Kamis;30447
2023-03-03;Jumat;28878
2023-03-04;Sabtu;31392
2023-03-05;Minggu;27503
2023-03-06;Senin;25701
2023-03-07;Selasa;26310
2023-03-08;Rabu;27600
2023-03-09;Kamis;32191
2023-03-10;Jumat;32031
2023-03-11;Sabtu;36068
2023-03-12;Minggu;32303
2023-03-13;Senin;31730
2023-03-14;Selasa;29849
2023-03-15;Rabu;30505
2023-03-16;Kamis;32649
2023-03-17;Jumat;32884
2023-03-18;Sabtu;36677
2023-03-19;Minggu;34846
2023-03-20;Senin;33582
2023-03-21;Selasa;32057
2023-03-22;Rabu;31935
2023-03-23;Kamis;33908
2023-03-24;Jumat;34801
2023-03-25;Sabtu;36113
2023-03-26;Minggu;34340
2023-03-27;Senin;31904
2023-03-28;Selasa;31058
2023-03-29;Rabu;29777
2023-03-30;Kamis;32052
2023-03-31;Jumat;33987
2023-04-01;Sabtu;34355
2023-04-02;Minggu;34233
2023-04-03;Senin;32286
2023-04-04;Selasa;29902
2023-04-05;Rabu;29036
2023-04-06;Kamis;29904
2023-04-07;Jumat;32059
2023-04-08;Sabtu;32411
2023-04-09;Minggu;31289
2023-04-10;Senin;31191
2023-04-11;Selasa;27316
2023-04-12;Rabu;27532
2023-04-13;Kamis;27684
2023-04-14;Jumat;27919
2023-04-15;Sabtu;30055
2023-04-16;Minggu;28649
2023-04-17;Senin;27448
2023-04-18;Selasa;26877
2023-04-19;Rabu;26472
2023-04-20;Kamis;29177
2023-04-21;Jumat;28579
2023-04-22;Sabtu;29923
2023-04-23;Minggu;29057
2023-04-24;Senin;27987
2023-04-25;Selasa;26271
2023-04-26;Rabu;27641
2023-04-27;Kamis;29241
2023-04-28;Jumat;28983
2023-04-29;Sabtu;29313
2023-04-30;Minggu;30417
2023-05-01;Senin;29602
2023-05-02;Selasa;28491
2023-05-03;Rabu;28818
2023-05-04;Kamis;29290
2023-05-05;Jumat;28326
2023-05-06;Sabtu;29182
2023-05-07;Minggu;29842
2023-05-08;Senin;28632
2023-05-09;Selasa;27326
2023-05-10;Rabu;28390
2023-05-11;Kamis;29711
2023-05-12;Jumat;29420
2023-05-13;Sabtu;32223
2023-05-14;Minggu;29739
2023-05-15;Senin;29963
2023-05-16;Selasa;29490
2023-05-17;Rabu;29385
2023-05-18;Kamis;31791
2023-05-19;Jumat;31681
2023-05-20;Sabtu;32761
2023-05-21;Minggu;32171
2023-05-22;Senin;29897
2023-05-23;Selasa;28252
2023-05-24;Rabu;28544
2023-05-25;Kamis;31570
2023-05-26;Jumat;32660
2023-05-27;Sabtu;32226
2023-05-28;Minggu;30993
2023-05-29;Senin;30255
2023-05-30;Selasa;28907
2023-05-31;Rabu;30090
2023-06-01;Kamis;32581
2023-06-02;Jumat;32396
2023-06-03;Sabtu;33586
2023-06-04;Minggu;32637
2023-06-05;Senin;32272
2023-06-06;Selasa;32174
2023-06-07;Rabu;33064
2023-06-08;Kamis;33305
2023-06-09;Jumat;33929
2023-06-10;Sabtu;34717
2023-06-11;Minggu;33652
2023-06-12;Senin;32970
2023-06-13;Selasa;33723
2023-06-14;Rabu;33730
2023-06-15;Kamis;34458
2023-06-16;Jumat;35345
2023-06-17;Sabtu;35240
2023-06-18;Minggu;34475
2023-06-19;Senin;34545
2023-06-20;Selasa;34207
2023-06-21;Rabu;34035
2023-06-22;Kamis;34340
2023-06-23;Jumat;35690
2023-06-24;Sabtu;36103
2023-06-25;Minggu;35571
2023-06-26;Senin;33799
2023-06-27;Selasa;33264
2023-06-28;Rabu;34036
2023-06-29;Kamis;34912
2023-06-30;Jumat;36029
2023-07-01;Sabtu;37699
2023-07-02;Minggu;36554
2023-07-03;Senin;34506
2023-07-04;Selasa;34657
2023-07-05;Rabu;33576
2023-07-06;Kamis;33427
2023-07-07;Jumat;35728
2023-07-08;Sabtu;35803
2023-07-09;Minggu;34742
2023-07-10;Senin;34477
2023-07-11;Selasa;33012
2023-07-12;Rabu;33756
2023-07-13;Kamis;33918
2023-07-14;Jumat;35006
2023-07-15;Sabtu;35773
2023-07-16;Minggu;35091
2023-07-17;Senin;34205
2023-07-18;Selasa;34029
2023-07-19;Rabu;34830
2023-07-20;Kamis;34321
2023-07-21;Jumat;36728
2023-07-22;Sabtu;37704
2023-07-23;Minggu;36768
2023-07-24;Senin;34092
2023-07-25;Selasa;35866
2023-07-26;Rabu;33964
2023-07-27;Kamis;35097
2023-07-28;Jumat;36605
2023-07-29;Sabtu;36537
2023-07-30;Minggu;37070
2023-07-31;Senin;34693
2023-08-01;Selasa;34989
2023-08-02;Rabu;34962
2023-08-03;Kamis;34962
2023-08-04;Jumat;36582
2023-08-05;Sabtu;36449
2023-08-06;Minggu;34976
2023-08-07;Senin;35077
2023-08-08;Selasa;33708
2023-08-09;Rabu;30348
2023-08-10;Kamis;29633
2023-08-11;Jumat;29437
2023-08-12;Sabtu;29878
2023-08-13;Minggu;29129
2023-08-14;Senin;28537
2023-08-15;Selasa;28633
2023-08-16;Rabu;29068
2023-08-17;Kamis;28623
2023-08-18;Jumat;28365
2023-08-19;Sabtu;29703
2023-08-20;Minggu;28456
2023-08-21;Senin;26758
2023-08-22;Selasa;26658
2023-08-23;Rabu;26482
2023-08-24;Kamis;27110
2023-08-25;Jumat;27154
2023-08-26;Sabtu;26779
2023-08-27;Minggu;25554
2023-08-28;Senin;25031
2023-08-29;Selasa;23730
2023-08-30;Rabu;27339
2023-08-31;Kamis;28485
2023-09-01;Jumat;30381
2023-09-02;Sabtu;30444
2023-09-03;Minggu;26888
2023-09-04;Senin;26552
2023-09-05;Selasa;25251
2023-09-06;Rabu;24953
2023-09-07;Kamis;26231
2023-09-08;Jumat;25299
2023-09-09;Sabtu;25962
2023-09-10;Minggu;26806
2023-09-11;Senin;24775
2023-09-12;Selasa;25376
2023-09-13;Rabu;25060
2023-09-14;Kamis;26564
2023-09-15;Jumat;26931
2023-09-16;Sabtu;27831
2023-09-17;Minggu;27462
2023-09-18;Senin;26298
2023-09-19;Selasa;25060
2023-09-20;Rabu;25647
2023-09-21;Kamis;27284
2023-09-22;Jumat;26593
2023-09-23;Sabtu;27949
2023-09-24;Minggu;27118
2023-09-25;Senin;25984
2023-09-26;Selasa;25258
2023-09-27;Rabu;26319
2023-09-28;Kamis;26575
2023-09-29;Jumat;27306
2023-09-30;Sabtu;29251
2023-10-01;Minggu;29314
2023-10-02;Senin;26968
2023-10-03;Selasa;27156
2023-10-04;Rabu;27159
2023-10-05;Kamis;28791
2023-10-06;Jumat;29050
2023-10-07;Sabtu;30643
2023-10-08;Minggu;29871
2023-10-09;Senin;29198
2023-10-10;Selasa;27578
2023-10-11;Rabu;28260
2023-10-12;Kamis;30091
2023-10-13;Jumat;29785
2023-10-14;Sabtu;32361
2023-10-15;Minggu;31672
2023-10-16;Senin;29459
2023-10-17;Selasa;29813
2023-10-18;Rabu;28379
2023-10-19;Kamis;29124
2023-10-20;Jumat;28871
2023-10-21;Sabtu;30112
2023-10-22;Minggu;29244
2023-10-23;Senin;27394
2023-10-24;Selasa;25394
2023-10-25;Rabu;25179
2023-10-26;Kamis;26369
2023-10-27;Jumat;26481
2023-10-28;Sabtu;25934
2023-10-29;Minggu;25148
2023-10-30;Senin;24552
2023-10-31;Selasa;24869
2023-11-01;Rabu;29927
2023-11-02;Kamis;29726
2023-11-03;Jumat;29367
2023-11-04;Sabtu;29971
2023-11-05;Minggu;29022
2023-11-06;Senin;26799
2023-11-07;Selasa;25946
2023-11-08;Rabu;26144
2023-11-09;Kamis;27783
2023-11-10;Jumat;27834
2023-11-11;Sabtu;27475
2023-11-12;Minggu;26870
2023-11-13;Senin;25902
2023-11-14;Selasa;26344
2023-11-15;Rabu;28266
2023-11-16;Kamis;29385
2023-11-17;Jumat;30761
2023-11-18;Sabtu;33681
2023-11-19;Minggu;31513
2023-11-20;Senin;29293
2023-11-21;Selasa;29078
2023-11-22;Rabu;28939
2023-11-23;Kamis;25329
2023-11-24;Jumat;25687
2023-11-25;Sabtu;28074
2023-11-26;Minggu;29612
2023-11-27;Senin;26955
2023-11-28;Selasa;24406
2023-11-29;Rabu;24631
2023-11-30;Kamis;26172
2023-12-01;Jumat;27884
2023-12-02;Sabtu;28675
2023-12-03;Minggu;27702
2023-12-04;Senin;26594
2023-12-05;Selasa;23806
2023-12-06;Rabu;25468
2023-12-07;Kamis;26370
2023-12-08;Jumat;28046
2023-12-09;Sabtu;29314
2023-12-10;Minggu;26376
2023-12-11;Senin;25083
2023-12-12;Selasa;26746
2023-12-13;Rabu;28984
2023-12-14;Kamis;31269
2023-12-15;Jumat;31761
2023-12-16;Sabtu;34559
2023-12-17;Minggu;32162
2023-12-18;Senin;31027
2023-12-19;Selasa;32348
2023-12-20;Rabu;33704
2023-12-21;Kamis;35076
2023-12-22;Jumat;35723
2023-12-23;Sabtu;37529
2023-12-24;Minggu;33572
2023-12-25;Senin;34410
2023-12-26;Selasa;36062
2023-12-27;Rabu;35386
2023-12-28;Kamis;35851
2023-12-29;Jumat;36146
2023-12-30;Sabtu;37711
2023-12-31;Minggu;34566
2024-01-01;Senin;33706
2024-01-02;Selasa;34718
2024-01-03;Rabu;34807
2024-01-04;Kamis;34422
2024-01-05;Jumat;34049
2024-01-06;Sabtu;33570
2024-01-07;Minggu;33413
2024-01-08;Senin;30921
2024-01-09;Selasa;27630
2024-01-10;Rabu;27819
2024-01-11;Kamis;29985
2024-01-12;Jumat;28829
2024-01-13;Sabtu;29853
2024-01-14;Minggu;28920
2024-01-15;Senin;25096
2024-01-16;Selasa;23317
2024-01-17;Rabu;24848
2024-01-18;Kamis;26898
2024-01-19;Jumat;27506
2024-01-20;Sabtu;28718
2024-01-21;Minggu;27699
2024-01-22;Senin;23577
2024-01-23;Selasa;22165
2024-01-24;Rabu;23734
2024-01-25;Kamis;25808
2024-01-26;Jumat;25239
2024-01-27;Sabtu;27238
2024-01-28;Minggu;23768
2024-01-29;Senin;22054
2024-01-30;Selasa;21372
2024-01-31;Rabu;24867
2024-02-01;Kamis;28569
2024-02-02;Jumat;28650
2024-02-03;Sabtu;28785
2024-02-04;Minggu;26730
2024-02-05;Senin;24971
2024-02-06;Selasa;24227
2024-02-07;Rabu;26114
2024-02-08;Kamis;27878
2024-02-09;Jumat;29973
2024-02-10;Sabtu;31747
2024-02-11;Minggu;27227
2024-02-12;Senin;26602
2024-02-13;Selasa;27420
2024-02-14;Rabu;29212
2024-02-15;Kamis;30655
2024-02-16;Jumat;31861
2024-02-17;Sabtu;33075
2024-02-18;Minggu;31214
2024-02-19;Senin;30610
2024-02-20;Selasa;29443
2024-02-21;Rabu;29058
2024-02-22;Kamis;28898
2024-02-23;Jumat;30920
2024-02-24;Sabtu;30141
2024-02-25;Minggu;28191
2024-02-26;Senin;25305
2024-02-27;Selasa;23756
2024-02-28;Rabu;26061
2024-02-29;Kamis;27891
2024-03-01;Jumat;30962
2024-03-02;Sabtu;30635
2024-03-03;Minggu;28091
2024-03-04;Senin;25123
2024-03-05;Selasa;25459
2024-03-06;Rabu;26581
2024-03-07;Kamis;30066
2024-03-08;Jumat;30544
2024-03-09;Sabtu;33684
2024-03-10;Minggu;31425
2024-03-11;Senin;28168
2024-03-12;Selasa;24909
2024-03-13;Rabu;26413
2024-03-14;Kamis;27407
2024-03-15;Jumat;30784
2024-03-16;Sabtu;32738
2024-03-17;Minggu;30687
2024-03-18;Senin;29939
2024-03-19;Selasa;30619
2024-03-20;Rabu;31503
2024-03-21;Kamis;33260
2024-03-22;Jumat;34667
2024-03-23;Sabtu;36649
2024-03-24;Minggu;35471
2024-03-25;Senin;34802
2024-03-26;Selasa;33401
2024-03-27;Rabu;33593
2024-03-28;Kamis;33801
2024-03-29;Jumat;35148
2024-03-30;Sabtu;35906
2024-03-31;Minggu;33544
2024-04-01;Senin;32575
2024-04-02;Selasa;30132
2024-04-03;Rabu;28666
2024-04-04;Kamis;28364
2024-04-05;Jumat;27823
2024-04-06;Sabtu;31287
2024-04-07;Minggu;30679
2024-04-08;Senin;26506
2024-04-09;Selasa;26174
2024-04-10;Rabu;27730
2024-04-11;Kamis;27641
2024-04-12;Jumat;27513
2024-04-13;Sabtu;28849
2024-04-14;Minggu;27072
2024-04-15;Senin;27096
2024-04-16;Selasa;26430
2024-04-17;Rabu;27125
2024-04-18;Kamis;27930
2024-04-19;Jumat;28621
2024-04-20;Sabtu;29794
2024-04-21;Minggu;29137
2024-04-22;Senin;26642
2024-04-23;Selasa;25873
2024-04-24;Rabu;26314
2024-04-25;Kamis;27889
2024-04-26;Jumat;28216
2024-04-27;Sabtu;30483
2024-04-28;Minggu;27834
2024-04-29;Senin;25891
2024-04-30;Selasa;25525
2024-05-01;Rabu;28471
2024-05-02;Kamis;28791
2024-05-03;Jumat;28118
2024-05-04;Sabtu;28787
2024-05-05;Minggu;26129
2024-05-06;Senin;25260
2024-05-07;Selasa;26566
2024-05-08;Rabu;26677
2024-05-09;Kamis;27011
2024-05-10;Jumat;29316
2024-05-11;Sabtu;30782
2024-05-12;Minggu;28469
2024-05-13;Senin;27609
2024-05-14;Selasa;27040
2024-05-15;Rabu;28131
2024-05-16;Kamis;28420
2024-05-17;Jumat;29203
2024-05-18;Sabtu;30852
2024-05-19;Minggu;30329
2024-05-20;Senin;29401
2024-05-21;Selasa;29374
2024-05-22;Rabu;29827
2024-05-23;Kamis;32199
2024-05-24;Jumat;33332
2024-05-25;Sabtu;34111
2024-05-26;Minggu;31923
2024-05-27;Senin;30996
2024-05-28;Selasa;29515
2024-05-29;Rabu;30479
2024-05-30;Kamis;30656
2024-05-31;Jumat;31033
2024-06-01;Sabtu;34621
2024-06-02;Minggu;33026
2024-06-03;Senin;32135
2024-06-04;Selasa;31886
2024-06-05;Rabu;31904
2024-06-06;Kamis;32460
2024-06-07;Jumat;33150
2024-06-08;Sabtu;35268
2024-06-09;Minggu;34673
2024-06-10;Senin;33349
2024-06-11;Selasa;33532
2024-06-12;Rabu;33264
2024-06-13;Kamis;34573
2024-06-14;Jumat;35023
2024-06-15;Sabtu;37375
2024-06-16;Minggu;36529
2024-06-17;Senin;35772
2024-06-18;Selasa;33710
2024-06-19;Rabu;34424
2024-06-20;Kamis;34654
2024-06-21;Jumat;35584
2024-06-22;Sabtu;35901
2024-06-23;Minggu;34283
2024-06-24;Senin;34505
2024-06-25;Selasa;33475
2024-06-26;Rabu;34367
2024-06-27;Kamis;34005
2024-06-28;Jumat;36545
2024-06-29;Sabtu;36809
2024-06-30;Minggu;37383
2024-07-01;Senin;35444
2024-07-02;Selasa;35877
2024-07-03;Rabu;37042
2024-07-04;Kamis;35820
2024-07-05;Jumat;35309
2024-07-06;Sabtu;35897
2024-07-07;Minggu;36799
2024-07-08;Senin;34961
2024-07-09;Selasa;35353
2024-07-10;Rabu;35518
2024-07-11;Kamis;35622
2024-07-12;Jumat;36725
2024-07-13;Sabtu;37360
2024-07-14;Minggu;35916
2024-07-15;Senin;35127
2024-07-16;Selasa;34849
2024-07-17;Rabu;34717
2024-07-18;Kamis;34956
2024-07-19;Jumat;31255
2024-07-20;Sabtu;37978
2024-07-21;Minggu;36419
2024-07-22;Senin;36293
2024-07-23;Selasa;36019
2024-07-24;Rabu;36724
2024-07-25;Kamis;36947
2024-07-26;Jumat;37519
2024-07-27;Sabtu;37867
2024-07-28;Minggu;37358
2024-07-29;Senin;35805
2024-07-30;Selasa;35745
2024-07-31;Rabu;34990
2024-08-01;Kamis;35964
2024-08-02;Jumat;37273
2024-08-03;Sabtu;37963
2024-08-04;Minggu;35765
2024-08-05;Senin;34341
2024-08-06;Selasa;34098
2024-08-07;Rabu;33249
2024-08-08;Kamis;33911
2024-08-09;Jumat;34102
2024-08-10;Sabtu;35096
2024-08-11;Minggu;34824
2024-08-12;Senin;32254
2024-08-13;Selasa;31999
2024-08-14;Rabu;31489
2024-08-15;Kamis;32968
2024-08-16;Jumat;29290
2024-08-17;Sabtu;32975
2024-08-18;Minggu;32648
2024-08-19;Senin;29022
2024-08-20;Selasa;27957
2024-08-21;Rabu;27776
2024-08-22;Kamis;28721
2024-08-23;Jumat;28495
2024-08-24;Sabtu;29722
2024-08-25;Minggu;28496
2024-08-26;Senin;25619
2024-08-27;Selasa;23774
2024-08-28;Rabu;27152
2024-08-29;Kamis;28068
2024-08-30;Jumat;30365
2024-08-31;Sabtu;29519
2024-09-01;Minggu;29113
2024-09-02;Senin;27674
2024-09-03;Selasa;26310
2024-09-04;Rabu;26595
2024-09-05;Kamis;25522
2024-09-06;Jumat;25524
2024-09-07;Sabtu;27800
2024-09-08;Minggu;28971
2024-09-09;Senin;27205
2024-09-10;Selasa;26400
2024-09-11;Rabu;26844
2024-09-12;Kamis;26914
2024-09-13;Jumat;29172
2024-09-14;Sabtu;30833
2024-09-15;Minggu;30067
2024-09-16;Senin;26099
2024-09-17;Selasa;25688
2024-09-18;Rabu;26413
2024-09-19;Kamis;27409
2024-09-20;Jumat;29333
2024-09-21;Sabtu;30053
2024-09-22;Minggu;30432
2024-09-23;Senin;27561
2024-09-24;Selasa;26539
2024-09-25;Rabu;27573
2024-09-26;Kamis;27655
2024-09-27;Jumat;27365
2024-09-28;Sabtu;29059
2024-09-29;Minggu;28477
2024-09-30;Senin;27777
2024-10-01;Selasa;28320
2024-10-02;Rabu;27632
2024-10-03;Kamis;29556
2024-10-04;Jumat;29963
2024-10-05;Sabtu;32901
2024-10-06;Minggu;31044
2024-10-07;Senin;29046
2024-10-08;Selasa;28046
2024-10-09;Rabu;29311
2024-10-10;Kamis;30586
2024-10-11;Jumat;32152
2024-10-12;Sabtu;33197
2024-10-13;Minggu;32473
2024-10-14;Senin;31359
2024-10-15;Selasa;29533
2024-10-16;Rabu;29654
2024-10-17;Kamis;29155
2024-10-18;Jumat;31152
2024-10-19;Sabtu;32156
2024-10-20;Minggu;31670
2024-10-21;Senin;30201
2024-10-22;Selasa;27770
2024-10-23;Rabu;28372
2024-10-24;Kamis;27781
2024-10-25;Jumat;27874
2024-10-26;Sabtu;28923
2024-10-27;Minggu;27564
2024-10-28;Senin;24718
2024-10-29;Selasa;22295
2024-10-30;Rabu;25878
2024-10-31;Kamis;25865
2024-11-01;Jumat;30490
2024-11-02;Sabtu;31328
2024-11-03;Minggu;29895
2024-11-04;Senin;27230
2024-11-05;Selasa;26172
2024-11-06;Rabu;28023
2024-11-07;Kamis;30122
2024-11-08;Jumat;30023
2024-11-09;Sabtu;31461
2024-11-10;Minggu;29011
2024-11-11;Senin;28451
2024-11-12;Selasa;26206
2024-11-13;Rabu;25544
2024-11-14;Kamis;25997
2024-11-15;Jumat;26029
2024-11-16;Sabtu;29615
2024-11-17;Minggu;28029
2024-11-18;Senin;26044
2024-11-19;Selasa;25797
2024-11-20;Rabu;29096
2024-11-21;Kamis;29997
2024-11-22;Jumat;31528
2024-11-23;Sabtu;35968
2024-11-24;Minggu;30940
2024-11-25;Senin;30737
2024-11-26;Selasa;29272
2024-11-27;Rabu;28429
2024-11-28;Kamis;26102
2024-11-29;Jumat;27611
2024-11-30;Sabtu;31474
2024-12-01;Minggu;32892
2024-12-02;Senin;30981
2024-12-03;Selasa;28788
2024-12-04;Rabu;27995
2024-12-05;Kamis;28414
2024-12-06;Jumat;29121
2024-12-07;Sabtu;31029
2024-12-08;Minggu;28095
2024-12-09;Senin;25582
2024-12-10;Selasa;25957
2024-12-11;Rabu;27229
2024-12-12;Kamis;28898
2024-12-13;Jumat;29671
2024-12-14;Sabtu;32737
2024-12-15;Minggu;31761
2024-12-16;Senin;30453
2024-12-17;Selasa;30140
2024-12-18;Rabu;29902
2024-12-19;Kamis;37204
2024-12-20;Jumat;38166
2024-12-21;Sabtu;40027
2024-12-22;Minggu;38543
2024-12-23;Senin;37437
2024-12-24;Selasa;37171
2024-12-25;Rabu;36395
2024-12-26;Kamis;38001
2024-12-27;Jumat;39195
2024-12-28;Sabtu;40886
2024-12-29;Minggu;37832
2024-12-30;Senin;37862
2024-12-31;Selasa;36698
2025-01-01;Rabu;33807
2025-01-02;Kamis;35573
2025-01-03;Jumat;35921
2025-01-04;Sabtu;37733
2025-01-05;Minggu;35962
2025-01-06;Senin;33044
2025-01-07;Selasa;29320
2025-01-08;Rabu;28994
2025-01-09;Kamis;29156
2025-01-10;Jumat;29977
2025-01-11;Sabtu;31267
2025-01-12;Minggu;29255
2025-01-13;Senin;26203
2025-01-14;Selasa;25931
2025-01-15;Rabu;27654
2025-01-16;Kamis;30881
2025-01-17;Jumat;31523
2025-01-18;Sabtu;33929
2025-01-19;Minggu;29891
2025-01-20;Senin;26369
2025-01-21;Selasa;23089
2025-01-22;Rabu;24269
2025-01-23;Kamis;26616
2025-01-24;Jumat;28336
2025-01-25;Sabtu;28754
2025-01-26;Minggu;27769
2025-01-27;Senin;23350
2025-01-28;Selasa;22933
2025-01-29;Rabu;23549
2025-01-30;Kamis;21252
2025-01-31;Jumat;27652
2025-02-01;Sabtu;32232
2025-02-02;Minggu;29384
2025-02-03;Senin;25870
2025-02-04;Selasa;24897
2025-02-05;Rabu;26360
2025-02-06;Kamis;27585
2025-02-07;Jumat;29790
2025-02-08;Sabtu;31776
2025-02-09;Minggu;28723
2025-02-10;Senin;28788
2025-02-11;Selasa;28413
2025-02-12;Rabu;28660
2025-02-13;Kamis;30521
2025-02-14;Jumat;33458
2025-02-15;Sabtu;34062
2025-02-16;Minggu;33094
2025-02-17;Senin;31482
2025-02-18;Selasa;30142
2025-02-19;Rabu;29026
2025-02-20;Kamis;29223
2025-02-21;Jumat;30175
2025-02-22;Sabtu;32508
2025-02-23;Minggu;30985
2025-02-24;Senin;27278
2025-02-25;Selasa;24524
2025-02-26;Rabu;26311
2025-02-27;Kamis;28490
2025-02-28;Jumat;30884
2025-03-01;Sabtu;32482
2025-03-02;Minggu;29407
2025-03-03;Senin;26912
2025-03-04;Selasa;25250
2025-03-05;Rabu;26867
2025-03-06;Kamis;30718
2025-03-07;Jumat;31816
2025-03-08;Sabtu;33150
2025-03-09;Minggu;30827
2025-03-10;Senin;27587
2025-03-11;Selasa;26882
2025-03-12;Rabu;28497
2025-03-13;Kamis;31567
2025-03-14;Jumat;34128
2025-03-15;Sabtu;35457
2025-03-16;Minggu;32938
2025-03-17;Senin;32846
2025-03-18;Selasa;31923
2025-03-19;Rabu;32181
2025-03-20;Kamis;34287
2025-03-21;Jumat;35511
2025-03-22;Sabtu;37571
2025-03-23;Minggu;35225
2025-03-24;Senin;34947
2025-03-25;Selasa;33909
2025-03-26;Rabu;32533
2025-03-27;Kamis;32592
2025-03-28;Jumat;33636
2025-03-29;Sabtu;34913
2025-03-30;Minggu;33026
2025-03-31;Senin;30654
2025-04-01;Selasa;31102
2025-04-02;Rabu;29888
2025-04-03;Kamis;30821
2025-04-04;Jumat;31835
2025-04-05;Sabtu;34336
2025-04-06;Minggu;32870
2025-04-07;Senin;30547
2025-04-08;Selasa;28721
2025-04-09;Rabu;29398
2025-04-10;Kamis;32062
2025-04-11;Jumat;33190
2025-04-12;Sabtu;33785
2025-04-13;Minggu;32987
2025-04-14;Senin;30093
2025-04-15;Selasa;29614
2025-04-16;Rabu;29973
2025-04-17;Kamis;31259
2025-04-18;Jumat;31157
2025-04-19;Sabtu;31052
2025-04-20;Minggu;29545
2025-04-21;Senin;29623
2025-04-22;Selasa;27455
2025-04-23;Rabu;29298
2025-04-24;Kamis;28797
2025-04-25;Jumat;30144
2025-04-26;Sabtu;29633
2025-04-27;Minggu;27993
2025-04-28;Senin;27092
2025-04-29;Selasa;26396
2025-04-30;Rabu;29044
2025-05-01;Kamis;29950
2025-05-02;Jumat;31275
2025-05-03;Sabtu;30285
2025-05-04;Minggu;28226
2025-05-05;Senin;26415
2025-05-06;Selasa;24867
2025-05-07;Rabu;25934
2025-05-08;Kamis;28166
2025-05-09;Jumat;28709
2025-05-10;Sabtu;28679
2025-05-11;Minggu;26940
2025-05-12;Senin;27924
2025-05-13;Selasa;27628
2025-05-14;Rabu;28111
2025-05-15;Kamis;30291
2025-05-16;Jumat;30482
2025-05-17;Sabtu;29582
2025-05-18;Minggu;29908
2025-05-19;Senin;27679
2025-05-20;Selasa;28767
2025-05-21;Rabu;29231
2025-05-22;Kamis;32271
2025-05-23;Jumat;34107
2025-05-24;Sabtu;33197
2025-05-25;Minggu;30962
2025-05-26;Senin;31073
2025-05-27;Selasa;30319
2025-05-28;Rabu;31113
2025-05-29;Kamis;30470
2025-05-30;Jumat;30393
2025-05-31;Sabtu;32139
2025-06-01;Minggu;33315
2025-06-02;Senin;29902
2025-06-03;Selasa;30524
2025-06-04;Rabu;30057
2025-06-05;Kamis;31353
2025-06-06;Jumat;32035
2025-06-07;Sabtu;33059
2025-06-08;Minggu;32896
2025-06-09;Senin;32145
2025-06-10;Selasa;31004
2025-06-11;Rabu;33080
2025-06-12;Kamis;32910
2025-06-13;Jumat;34203
2025-06-14;Sabtu;35597
2025-06-15;Minggu;33816
2025-06-16;Senin;31780
2025-06-17;Selasa;33329
2025-06-18;Rabu;33236
2025-06-19;Kamis;33013
2025-06-20;Jumat;33409
2025-06-21;Sabtu;35886
2025-06-22;Minggu;35439
2025-06-23;Senin;33565
2025-06-24;Selasa;34068
2025-06-25;Rabu;34206
2025-06-26;Kamis;34360
2025-06-27;Jumat;34007
2025-06-28;Sabtu;36861
2025-06-29;Minggu;33077
2025-06-30;Senin;33517
2025-07-01;Selasa;34329
2025-07-02;Rabu;33595
2025-07-03;Kamis;34096
2025-07-04;Jumat;34541
2025-07-05;Sabtu;33856
2025-07-06;Minggu;34572
2025-07-07;Senin;34339
2025-07-08;Selasa;32143
2025-07-09;Rabu;32989
2025-07-10;Kamis;33309
2025-07-11;Jumat;34192
2025-07-12;Sabtu;35727
2025-07-13;Minggu;34118
2025-07-14;Senin;33502
2025-07-15;Selasa;32166
2025-07-16;Rabu;32493
2025-07-17;Kamis;34039
2025-07-18;Jumat;34298
2025-07-19;Sabtu;36627
2025-07-20;Minggu;35709
2025-07-21;Senin;34668
2025-07-22;Selasa;33730
2025-07-23;Rabu;33810
2025-07-24;Kamis;34671
2025-07-25;Jumat;33524
2025-07-26;Sabtu;36529
2025-07-27;Minggu;36689
2025-07-28;Senin;34953
2025-07-29;Selasa;28142
2025-07-30;Rabu;32257
2025-07-31;Kamis;35564
2025-08-01;Jumat;34688
2025-08-02;Sabtu;35337
2025-08-03;Minggu;35446
2025-08-04;Senin;34063
2025-08-05;Selasa;32964
2025-08-06;Rabu;31631
2025-08-07;Kamis;33363
2025-08-08;Jumat;33174
2025-08-09;Sabtu;34884
2025-08-10;Minggu;32797
2025-08-11;Senin;31708
2025-08-12;Selasa;30491
2025-08-13;Rabu;30785
2025-08-14;Kamis;31593
2025-08-15;Jumat;28461
2025-08-16;Sabtu;31747
2025-08-17;Minggu;30983
2025-08-18;Senin;30462
2025-08-19;Selasa;27711
2025-08-20;Rabu;28048
2025-08-21;Kamis;28640
2025-08-22;Jumat;28593
2025-08-23;Sabtu;29199
2025-08-24;Minggu;27235
2025-08-25;Senin;26555
2025-08-26;Selasa;24388
2025-08-27;Rabu;28369
2025-08-28;Kamis;28789
2025-08-29;Jumat;29063
2025-08-30;Sabtu;30066
2025-08-31;Minggu;27314
2025-09-01;Senin;28441
2025-09-02;Selasa;25967
2025-09-03;Rabu;26200
2025-09-04;Kamis;25066
2025-09-05;Jumat;24128
2025-09-06;Sabtu;27589
2025-09-07;Minggu;28204
2025-09-08;Senin;25538
2025-09-09;Selasa;22943
2025-09-10;Rabu;24749
2025-09-11;Kamis;25824
2025-09-12;Jumat;26578
2025-09-13;Sabtu;27794
2025-09-14;Minggu;28641
2025-09-15;Senin;25810
2025-09-16;Selasa;24772
2025-09-17;Rabu;25927
2025-09-18;Kamis;27583
2025-09-19;Jumat;29150
2025-09-20;Sabtu;29673
2025-09-21;Minggu;29579
2025-09-22;Senin;28112
2025-09-23;Selasa;27806
2025-09-24;Rabu;25717
2025-09-25;Kamis;27090
2025-09-26;Jumat;26383
2025-09-27;Sabtu;28650
2025-09-28;Minggu;28201
2025-09-29;Senin;26970
2025-09-30;Selasa;27390
2025-10-01;Rabu;28933
2025-10-02;Kamis;29462
2025-10-03;Jumat;28270
2025-10-04;Sabtu;30971
2025-10-05;Minggu;30567
2025-10-06;Senin;28390
2025-10-07;Selasa;28319
2025-10-08;Rabu;30296
2025-10-09;Kamis;30134
2025-10-10;Jumat;30456
2025-10-11;Sabtu;30336
2025-10-12;Minggu;32348
2025-10-13;Senin;31012
2025-10-14;Selasa;29666
2025-10-15;Rabu;29378
2025-10-16;Kamis;29778
2025-10-17;Jumat;29349
2025-10-18;Sabtu;31083
2025-10-19;Minggu;31917
2025-10-20;Senin;25580
2025-10-21;Selasa;26758
2025-10-22;Rabu;27906
2025-10-23;Kamis;28538
2025-10-24;Jumat;27393
2025-10-25;Sabtu;28098
2025-10-26;Minggu;26101
2025-10-27;Senin;25297
